ID;Fecha:;Hora:;Tipo de destino:;Destino:;Dirección: ;Solicitante:;Descripción:;Detalle:;Chofer:;Vehículo: ;Acoplado:;Estado:;Fech/Hora carga:;Motivo;Duración estimada:;Finalización estimada:;Destino2;Dirección2;Es_Ultimo_Vigente
1;4/8/2026;09:30:00;Otro;Playa El Bicho ;Pedro Goyena 131;Juan Mercado;Obra - Entrega urgente;Traslado de camión MB 710 para reparación;Mercado_Juan;Camion710_LNY664;;Agendado;21/8/2026 10:01;;01:00:00;10:30:00;;;NO
1;4/8/2026;09:30:00;Otro;Playa El Bicho ;Pedro Goyena 131;Juan Mercado;Obra - Entrega urgente;Traslado de camión MB 710 para reparación;Mercado_Juan;Camion710_LNY664;;Finalizado OK;24/8/2026 13:41;;;09:30:00;;;NO
2;24/8/2026;07:45:00;Otro;;;emanuel centeno;Otro;recepcion de provedor y descar de material;Mercado_Juan;Ford350_VXJ313;;Agendado;21/8/2026 17:01;;01:00:00;08:45:00;;;NO
2;24/8/2026;07:45:00;Otro;;;emanuel centeno;Otro;recepcion de provedor y descar de material;Mercado_Juan;Ford350_VXJ313;;Finalizado OK;24/8/2026 10:20;;00:45:00;08:30:00;;;NO
3;24/8/2026;09:30:00;Otro;;;atilio lunardi;Obra - Entrega programada;caraga de sobrantes;Mercado_Juan;Camion710_LNY664;;Agendado;21/8/2026 17:15;;04:00:00;13:30:00;;;NO
3;24/8/2026;09:30:00;Otro;;;atilio lunardi;Obra - Entrega programada;caraga de sobrantes;Mercado_Juan;Camion710_LNY664;;Finalizado OK;24/8/2026 17:24;;;09:30:00;;;NO
7;24/8/2026;14:30:00;Obra;;;FALCON FLORENCIO;Obra - Entrega programada;GARRAFA DE 10 KG;Bertorello_Leonel;Pick up HILUX_HLN556;;Agendado;24/8/2026 07:26;;01:00:00;15:30:00;;;NO
7;24/8/2026;14:30:00;Obra;LUNARDI- PUEBLA TORRE 0 Y TORRE 1                 ;PALESTINA Y LUGONES - RIO CUARTO                 ;FALCON FLORENCIO;Obra - Entrega programada;GARRAFA DE 10 KG;Bertorello_Leonel;Pick up HILUX_HLN556;;Finalizado OK;24/8/2026 13:34;;;14:30:00;;;NO
11;24/8/2026;15:00:00;Proveedor;;REVERENDO PADRE SILVI 521 - RIO CUARTO;RAFAEL RODRIGUEZ;Retiro Proveedor;MATERIALES VARIOS;Bertorello_Leonel;Pick up HILUX_HLN556;;Agendado;24/8/2026 13:46;;02:00:00;17:00:00;;;NO
11;24/8/2026;15:00:00;Proveedor;TKTEC;REVERENDO PADRE SILVI 521 - RIO CUARTO;RAFAEL RODRIGUEZ;Retiro Proveedor;MATERIALES VARIOS;Bertorello_Leonel;Pick up HILUX_HLN556;;Finalizado OK;25/8/2026 07:42;;;15:00:00;;;NO
8;24/8/2026;15:30:00;Obra;;;Agustin Aruza;;traslado material eléctrico desde depósito a obra ;;;;Agendado;24/8/2026 10:15;;01:00:00;16:30:00;;;NO
8;24/8/2026;15:30:00;Obra;;;Agustin Aruza;;traslado material eléctrico desde depósito a obra ;;;;Finalizado OK;25/8/2026 15:47;;;15:30:00;;;NO
9;25/8/2026;08:30:00;Obra;;;JOSE MERCADO;Obra - Entrega programada;ENTREGA DE MARKETING;Mercado_Juan;Ford350_VXJ313;;Agendado;24/8/2026 10:35;;00:30:00;09:00:00;;;NO
9;25/8/2026;08:30:00;Obra;;;JOSE MERCADO;Obra - Entrega programada;ENTREGA DE MARKETING;Mercado_Juan;Ford350_VXJ313;;Finalizado OK;24/8/2026 17:24;;;;;;NO
10;25/8/2026;10:00:00;Otro;;;EMANUEL CENTENO;Obra - Entrega programada;MATERIALES VARRIOS;Mercado_Juan;Camion710_LNY664;;Agendado;24/8/2026 13:32;;01:00:00;11:00:00;;;NO
10;25/8/2026;10:00:00;Otro;;;EMANUEL CENTENO;Obra - Entrega programada;MATERIALES VARRIOS;Mercado_Juan;Camion710_LNY664;;Finalizado OK;28/8/2026 11:03;;;;;;NO
13;25/8/2026;12:00:00;Proveedor;EXTRAGAS;CERRITO 836 PISO:6 DPTO:1 - CABA;rafael rodriguez;Retiro Proveedor;retirar garrafa de 10 kg;Mercado_Juan;Ford350_VXJ313;;Finalizado OK;25/8/2026 12:34;;;12:00:00;;;NO
4;25/8/2026;14:15:00;Otro;chacarita reciclaje;reverendp padre salvi ;emanuel peruchin;Otro;venta de papel y carton;Mercado_Juan;Camion710_LNY664;;Agendado;21/8/2026 17:23;;02:30:00;16:45:00;;;NO
4;25/8/2026;14:15:00;Otro;chacarita reciclaje;reverendp padre salvi ;emanuel peruchin;Otro;venta de papel y carton;Mercado_Juan;Camion710_LNY664;;Finalizado OK;25/8/2026 15:57;;;14:15:00;;;NO
17;25/8/2026;15:45:00;Obra;BOEHLER CASTRO - DESARROLLO ELA                   ;ZONA OESTE DE LA CIUDAD - RIO CUARTO                 ;jesus mauletti;Obra - Entrega programada;llevar vibrador;Mercado_Juan;Camion710_LNY664;;Finalizado OK;25/8/2026 10:11;;01:00:00;16:45:00;;;NO
18;25/8/2026;16:45:00;Proveedor;MIXON;JULIAN MAIDANA 2351 - RIO CUARTO;RAFAEL RODRIGUEZ;Otro;10 BOLSAS DE ARENA SAREANDEADA;Mercado_Juan;Camion710_LNY664;;Finalizado OK;25/8/2026 12:37;;00:30:00;17:15:00;;;NO
16;26/8/2026;08:30:00;Obra;ING LUNARDI SRL- TORRE LÍNEA;VELEZ SARSFIELD 745/ 751 - RIO CUARTO                 ;jose mercado;Obra - Entrega programada;nafta deseconfrante y cascos;Mercado_Juan;Camion710_LNY664;;Agendado;25/8/2026 09:58;;01:00:00;09:30:00;;;NO
16;26/8/2026;08:30:00;Obra;ING LUNARDI SRL- TORRE LÍNEA;VELEZ SARSFIELD 745/ 751 - RIO CUARTO                 ;jose mercado;Obra - Entrega programada;nafta deseconfrante y cascos;Mercado_Juan;Camion710_LNY664;;Finalizado OK;26/8/2026 07:37;;;08:30:00;;;NO
20;26/8/2026;09:15:00;Obra;BOEHLER CASTRO - LOTEO LOMA ALTA 3;ZONA OESTE DE LA CIUDAD - RIO CUARTO                 ;AGUSTIN GARCIA;Obra - Entrega urgente;LLEVAR NAFTA MEZCLA;Mercado_Juan;Camion710_LNY664;;Finalizado OK;26/8/2026 07:29;;01:00:00;10:15:00;;;NO
21;26/8/2026;10:00:00;Proveedor;AGRO UCACHA SRL;EDUARDO DUFFY 347 - ALEJANDRO ROCA;RAFAEL RODRIGUEZ;Retiro Proveedor;GLIFOSATO;Mercado_Juan;Camion710_LNY664;;Finalizado OK;26/8/2026 07:31;;00:45:00;10:45:00;;;NO
22;26/8/2026;11:00:00;Obra;BOEHLER CASTRO - DESARROLLO ELA                   ;ZONA OESTE DE LA CIUDAD - RIO CUARTO                 ;SANTIAGO BRUNO;Obra - Entrega programada;ENTREGAR MATERIAL VARIOS;Mercado_Juan;Camion710_LNY664;;Finalizado OK;26/8/2026 07:33;;00:50:00;11:50:00;;;NO
12;26/8/2026;15:30:00;Proveedor;DE PLANO;RUTA A005 ESQ. PTE. PERON (OESTE) - RIO CUARTO;JOSE MERCADO;Obra - Entrega programada;RETIRAR NIPLES FALTANTES;Mercado_Juan;Camion710_LNY664;;Agendado;24/8/2026 15:48;;01:00:00;16:30:00;;;NO
12;26/8/2026;15:30:00;Proveedor;DE PLANO;RUTA A005 ESQ. PTE. PERON (OESTE) - RIO CUARTO;JOSE MERCADO;Obra - Entrega programada;RETIRAR NIPLES FALTANTES;Mercado_Juan;Camion710_LNY664;;Finalizado OK;28/8/2026 11:05;;01:30:00;17:00:00;;;NO
26;26/8/2026;16:00:00;Proveedor;VETERINARIA EL MOLINO;FRAY DONATTI 240 - RIO CUARTO;rafael rodriguez;Retiro Proveedor;alimento para perros;Mercado_Juan;Pick up HILUX_HLN556;;Finalizado OK;26/8/2026 12:26;;00:30:00;16:30:00;;;NO
27;26/8/2026;12:45:00;Otro;METALGURGICA CUFRE;SALTA 900;RAFAEL RODRIGUEZ;Obra - Entrega programada;MATERIAL VARIOS;Mercado_Juan;Camion710_LNY664;;Finalizado OK;26/8/2026 13:05;;00:20:00;13:05:00;;;NO
29;26/8/2026;15:45:00;Obra;ING LUNARDI SRL- TORRE LÍNEA;VELEZ SARSFIELD 745/ 751 - RIO CUARTO                 ;martin ocampo;Obra - Entrega urgente;fenolicos y clavos y cuñas;Mercado_Juan;Camion710_LNY664;;Finalizado OK;26/8/2026 15:56;;00:25:00;16:10:00;;;NO
23;27/8/2026;09:30:00;Obra;BOEHLER CASTRO - DESARROLLO ELA                   ;ZONA OESTE DE LA CIUDAD - RIO CUARTO                 ;MARTINA ASTRADA;Retiro por devolución de obra;TRAER DUCUMENTACION DE OBRA;Peruchin_Emanuel;Pick up HILUX_HLN556;;Finalizado OK;26/8/2026 07:36;;02:00:00;11:30:00;;;NO
6;27/8/2026;11:30:00;Obra;INNOCENTI - ESTANCIA LA VIRGINIA                  ;ZONA RURAL LA GILDA, - RIO CUARTO                 ;emanuel centeno;Retiro por devolución de obra;limpieza de obra;Mercado_Juan;Ford350_VXJ313;;Agendado;21/8/2026 17:30;;02:00:00;13:30:00;;;NO
6;27/8/2026;11:30:00;Obra;INNOCENTI - ESTANCIA LA VIRGINIA                  ;ZONA RURAL LA GILDA, - RIO CUARTO                 ;emanuel centeno;Retiro por devolución de obra;limpieza de obra;Mercado_Juan;Ford350_VXJ313;;Finalizado OK;28/8/2026 10:59;;;;;;NO
30;27/8/2026;15:00:00;Proveedor;TKTEC;REVERENDO PADRE SILVI 521 - RIO CUARTO;abel villagra;Retiro Proveedor;materiales varios torre linea;Balmaceda_Luis;Pick up HILUX_HLN556;;Finalizado OK;26/8/2026 16:10;;01:00:00;16:00:00;;;NO
34;27/8/2026;14:00:00;Proveedor;RADIO ELECTRON;CABRERA Nø 726 - RIO CUARTO;emanuel peruchin;Retiro Proveedor;retirar paneles;Rodriguez_Rafael;Pick up HILUX_HLN556;;Finalizado OK;27/8/2026 13:41;;01:30:00;15:30:00;;;NO
14;27/8/2026;08:30:00;Obra;BOEHLER CASTRO - LOTEO LOMA ALTA 3;ZONA OESTE DE LA CIUDAD - RIO CUARTO                 ;Emmanuel Peruchin;Obra - Entrega programada;Traslado de material de depósito a obra, por requerimiento de capataz;Balmaceda_Luis;Ford350_VXJ313;;Finalizado OK;25/8/2026 08:08;;;08:30:00;;;NO
14;27/8/2026;08:30:00;Obra;BOEHLER CASTRO - LOTEO LOMA ALTA 3;ZONA OESTE DE LA CIUDAD - RIO CUARTO                 ;Emmanuel Peruchin;Obra - Entrega programada;Traslado de material de depósito a obra, por requerimiento de capataz;Balmaceda_Luis;Ford350_VXJ313;;Cancelado;25/8/2026 10:06;prueba;;08:30:00;;;NO
35;27/8/2026;15:45:00;Proveedor;HERRAJES MARINO;AV. ITALIA 1740 - RIO CUARTO;AGOSTINA;Retiro Proveedor;CERRADURA PARA MUEBLES;Rodriguez_Rafael;Pick up HILUX_HLN556;;Finalizado OK;27/8/2026 16:59;;00:45:00;16:30:00;;;NO
38;28/8/2026;15:30:00;Otro;LAVADO DE FLOTA;ATTUS EMPRESA;EMANUEL PERUCHIN;Otro;LAVADO Y LIMPIEZA DE FLOTA INTERNA;Mercado_Juan;Camion710_LNY664;;Agendado;28/8/2026 12:55;;02:00:00;17:30:00;;;NO
28;28/8/2026;08:45:00;Obra;LA ANTONIA -ALCANTARILLA Y CANAL NATURAL;ZONA OESTE DE LA CIUDAD - RIO CUARTO                 ;AGUSTIN GARCIA;Obra - Entrega programada;TRASLADO DE DESDE PUEBLA ALA ANTONIA;Mercado_Juan;Camion710_LNY664;;Agendado;27/8/2026 00:00;;02:00:00;10:45:00;;;NO
28;28/8/2026;08:45:00;Obra;LA ANTONIA -ALCANTARILLA Y CANAL NATURAL;ZONA OESTE DE LA CIUDAD - RIO CUARTO                 ;AGUSTIN GARCIA;Obra - Entrega programada;TRASLADO DE DESDE PUEBLA ALA ANTONIA;Mercado_Juan;Camion710_LNY664;;Finalizado OK;28/8/2026 12:51;;00:30:00;09:15:00;;;NO
31;28/8/2026;16:00:00;Proveedor;PINTURERIAS REX SA - RIO CUARTO;AV SABATTINI 1956 - RIO CUARTO;RAFAEL RODRIGUEZ;Retiro Proveedor;RETIRAR MATERIAL PENDIENTE;Rodriguez_Rafael;Pick up HILUX_HLN556;;Finalizado OK;28/8/2026 12:50;;01:00:00;17:00:00;;;NO
32;28/8/2026;09:15:00;Proveedor;TRANSPORTE IMPERIO;PRESIDENTE PERON CENTRO 145 - RIO CUARTO;maura rodriguez;Retiro Proveedor;tambores de desencofrante;Mercado_Juan;Camion710_LNY664;;Finalizado OK;28/8/2026 12:50;;01:00:00;10:15:00;;;NO
33;28/8/2026;10:00:00;Proveedor;MODDULAR SAS;RUTA A 005 KM 6.0 - RIO CUARTO;RICARDO LUNARDI;Retiro Proveedor;MUEBLES ;Bertorello_Leonel;Pick up HILUX_HLN556;;Finalizado OK;28/8/2026 12:49;;00:45:00;10:45:00;;;NO
36;28/8/2026;09:45:00;Obra;ING LUNARDI SRL- TORRE LÍNEA;VELEZ SARSFIELD 745/ 751 - RIO CUARTO                 ;MERCADO JOSE;Obra - Entrega urgente;ROLLO DE NAILON;Bertorello_Leonel;Pick up HILUX_HLN556;;Finalizado OK;28/8/2026 12:20;;;09:45:00;;;NO
37;28/8/2026;12:30:00;Obra;ING LUNARDI SRL- TORRE LÍNEA;VELEZ SARSFIELD 745/ 751 - RIO CUARTO                 ;mercado jose;Retiro Proveedor;niples galvanisados;Mercado_Juan;Ford350_VXJ313;;Agendado;28/8/2026 12:48;;01:00:00;13:30:00;;;NO
37;28/8/2026;12:30:00;Obra;ING LUNARDI SRL- TORRE LÍNEA;VELEZ SARSFIELD 745/ 751 - RIO CUARTO                 ;mercado jose;Retiro Proveedor;niples galvanisados;Mercado_Juan;Ford350_VXJ313;;Finalizado OK;28/8/2026 12:49;;;12:30:00;;;NO
38;28/8/2026;15:30:00;Otro;LAVADO DE FLOTA;ATTUS EMPRESA;EMANUEL PERUCHIN;Otro;LAVADO Y LIMPIEZA DE FLOTA INTERNA;Mercado_Juan;Camion710_LNY664;;Finalizado OK;7/9/2026 10:06;;;15:30:00;;;NO
40;31/8/2026;09:00:00;Proveedor;METALURGICA R HALLER;RUTA 8 KM 607.5 - RIO CUARTO;JUAN PABLO GUTIERREZ;Retiro Proveedor;MOLDES DE ESCALONES;Mercado_Juan;Camion710_LNY664;;Agendado;28/8/2026 16:02;;01:00:00;10:00:00;;;NO
41;31/8/2026;08:30:00;Proveedor_Obra;TAMECOR;ALBERDI 2187 - RIO CUARTO;ABEL VILLAGRA;Obra - Entrega programada;TRASLADO DE MUEBLES DESDE TAMECOR A OBRA (DOS VIAJES);Mercado_Juan;Camion710_LNY664;;Agendado;31/8/2026 08:16;;04:00:00;12:30:00;ING LUNARDI SRL- TORRE LÍNEA;VELEZ SARSFIELD 745/ 751 - RIO CUARTO                 ;NO
40;31/8/2026;09:00:00;Proveedor;METALURGICA R HALLER;RUTA 8 KM 607.5 - RIO CUARTO;JUAN PABLO GUTIERREZ;Retiro Proveedor;MOLDES DE ESCALONES;Mercado_Juan;Camion710_LNY664;;Finalizado OK;31/8/2026 11:06;;;09:00:00;;;NO
41;31/8/2026;08:30:00;Proveedor_Obra;TAMECOR;ALBERDI 2187 - RIO CUARTO;ABEL VILLAGRA;Obra - Entrega programada;TRASLADO DE MUEBLES DESDE TAMECOR A OBRA (DOS VIAJES);Mercado_Juan;Camion710_LNY664;;Finalizado OK;31/8/2026 11:06;;;08:30:00;;;NO
44;31/8/2026;15:15:00;Proveedor;TKTEC;REVERENDO PADRE SILVI 521 - RIO CUARTO;EDURDO CONIGLIO;Retiro Proveedor;PISTOLAS Y ESPATULAS;Mercado_Juan;Camion710_LNY664;;Agendado;31/8/2026 11:09;;01:00:00;16:15:00;;;NO
46;31/8/2026;16:00:00;Obra;LUNARDI- PUEBLA TORRE 0 Y TORRE 1                 ;PALESTINA Y LUGONES - RIO CUARTO                 ;MARTINA ASTRADA;Otro;LLEVAR INDUMENTARIA;Mercado_Juan;Camion710_LNY664;;Agendado;31/8/2026 11:15;;01:00:00;17:00:00;;;NO
47;31/8/2026;14:45:00;Obra;BOEHLER CASTRO - DESARROLLO ELA                   ;ZONA OESTE DE LA CIUDAD - RIO CUARTO                 ;MARTINA ASTRADA;Obra - Entrega programada;ENTREGA DE INDUMENTARIA;Mercado_Juan;Camion710_LNY664;;Agendado;31/8/2026 11:18;;01:00:00;15:45:00;;;NO
48;31/8/2026;14:15:00;Proveedor;MIXON SAS;JULIAN MAIDANA 2351 - RIO CUARTO;MARTINA ASTRADA;Otro;ENTREGAR INDUMETARIA DE MORAN;Mercado_Juan;Camion710_LNY664;;Agendado;31/8/2026 11:19;;01:00:00;15:15:00;;;NO
47;31/8/2026;14:45:00;Obra;BOEHLER CASTRO - DESARROLLO ELA                   ;ZONA OESTE DE LA CIUDAD - RIO CUARTO                 ;MARTINA ASTRADA;Obra - Entrega programada;ENTREGA DE INDUMENTARIA;Mercado_Juan;Camion710_LNY664;;Finalizado OK;1/9/2026 08:41;;;14:45:00;;;NO
49;31/8/2026;16:30:00;Proveedor;SUPERMERCADO GRASSANO;PTE.PERON (CENTRO) 391 - RIO CUARTO;RAFAEL RODRIGUEZ;Retiro Proveedor;INSUMOS DE REFRIGERIO;Bertorello_Leonel;Pick up HILUX_HLN556;;Agendado;31/8/2026 13:41;;00:30:00;17:00:00;;;NO
49;31/8/2026;16:30:00;Proveedor;SUPERMERCADO GRASSANO;PTE.PERON (CENTRO) 391 - RIO CUARTO;RAFAEL RODRIGUEZ;Retiro Proveedor;INSUMOS DE REFRIGERIO;Bertorello_Leonel;Pick up HILUX_HLN556;;Finalizado OK;1/9/2026 08:21;;01:00:00;17:30:00;;;NO
50;31/8/2026;16:15:00;Proveedor;PINTURERIAS REX SA - CORDOBA;AV COLON 4880 - CORDOBA;ALI CHAIJALE;Retiro Proveedor;TRIPLE ACCION NEGRO;Mercado_Juan;Ford350_VXJ313;;Finalizado OK;1/9/2026 08:20;;;16:15:00;;;NO
48;31/8/2026;14:15:00;Proveedor;MIXON SAS;JULIAN MAIDANA 2351 - RIO CUARTO;MARTINA ASTRADA;Otro;ENTREGAR INDUMETARIA DE MORAN;Mercado_Juan;Camion710_LNY664;;Finalizado OK;1/9/2026 08:44;;;14:15:00;;;NO
46;31/8/2026;16:00:00;Obra;LUNARDI- PUEBLA TORRE 0 Y TORRE 1                 ;PALESTINA Y LUGONES - RIO CUARTO                 ;MARTINA ASTRADA;Otro;LLEVAR INDUMENTARIA;Mercado_Juan;Camion710_LNY664;;Finalizado OK;7/9/2026 10:05;;;16:00:00;;;NO
44;31/8/2026;15:15:00;Proveedor;TKTEC;REVERENDO PADRE SILVI 521 - RIO CUARTO;EDURDO CONIGLIO;Retiro Proveedor;PISTOLAS Y ESPATULAS;Mercado_Juan;Camion710_LNY664;;Finalizado OK;7/9/2026 10:05;;;15:15:00;;;NO
19;1/9/2026;;Otro;MARKETING LUNARDI ;SOCIEDAD RURAL RIO 4;AGOSTINA;Obra - Entrega programada;ENTREGAS DE ELEMENTOS;Mercado_Juan;Camion710_LNY664;;Agendado;25/8/2026 14:52;;01:30:00;01:30:00;;;NO
39;1/9/2026;08:30:00;Obra;ING LUNARDI SRL- TORRE LÍNEA;VELEZ SARSFIELD 745/ 751 - RIO CUARTO                 ;ABEL VILLAGRA;Retiro Proveedor;TRASLADO DE MUEBLES MACIA;Mercado_Juan;Camion710_LNY664;;Agendado;28/8/2026 13:30;;02:30:00;11:00:00;;;NO
19;1/9/2026;;Otro;MARKETING LUNARDI ;SOCIEDAD RURAL RIO 4;AGOSTINA;Obra - Entrega programada;ENTREGAS DE ELEMENTOS;Mercado_Juan;Camion710_LNY664;;Cancelado;28/8/2026 16:11;CAMBIO DE FECHA;;00:00:00;;;NO
39;1/9/2026;08:30:00;Obra;ING LUNARDI SRL- TORRE LÍNEA;VELEZ SARSFIELD 745/ 751 - RIO CUARTO                 ;ABEL VILLAGRA;Retiro Proveedor;TRASLADO DE MUEBLES MACIA;Mercado_Juan;Camion710_LNY664;;Cancelado;31/8/2026 09:07;CAMBIO DE FECHA;;08:30:00;;;NO
45;1/9/2026;08:45:00;Otro;SOCIEDAD RURAL RIO CUARTO ;AV. SABATTINI 3800;AGOSTINA;Otro;LLEVAR MATERIAL PARA STAND;Mercado_Juan;Camion710_LNY664;;Agendado;31/8/2026 11:13;;01:00:00;09:45:00;;;NO
52;1/9/2026;09:30:00;Proveedor;TRANSPORTE IMPERIO;PRESIDENTE PERON CENTRO 145 - RIO CUARTO;MAURA RODRIGUEZ;Retiro Proveedor;RETIRAR SIKAFLEX;Bertorello_Leonel;Pick up HILUX_HLN556;;Agendado;1/9/2026 09:36;;00:30:00;10:00:00;;;NO
53;1/9/2026;08:00:00;Obra;BOEHLER CASTRO - DESARROLLO ELA                   ;ZONA OESTE DE LA CIUDAD - RIO CUARTO                 ;JUAN PABLO GUTIRREZ;Otro;DEJAR CASETONES Y ANTISOL;Mercado_Juan;Camion710_LNY664;;Agendado;1/9/2026 09:39;;02:30:00;10:30:00;;;NO
54;1/9/2026;15:30:00;Proveedor;METALURGICA R HALLER;RUTA 8 KM 607.5 - RIO CUARTO;MAURA RODRIGUEZ;Retiro Proveedor;RETIRAR PLEGADOS TODO CAMPO;Mercado_Juan;Pick up HILUX_HLN556;;Agendado;1/9/2026 11:50;;01:00:00;16:30:00;;;NO
55;1/9/2026;14:30:00;Proveedor;ESTACION DE SERVICIO YPF GALACTIC;AV SABATTINI 1802 - RIO CUARTO;MICAELA MALDONADO;Retiro Proveedor;RESUMENES MENSUALES;Rodriguez_Rafael;Pick up KANGOO_JJY978;;Agendado;1/9/2026 11:52;;00:30:00;15:00:00;;;NO
52;1/9/2026;09:30:00;Proveedor;TRANSPORTE IMPERIO;PRESIDENTE PERON CENTRO 145 - RIO CUARTO;MAURA RODRIGUEZ;Retiro Proveedor;RETIRAR SIKAFLEX;Bertorello_Leonel;Pick up HILUX_HLN556;;Finalizado OK;1/9/2026 12:20;;;09:30:00;;;NO
55;1/9/2026;14:30:00;Proveedor;ESTACION DE SERVICIO YPF GALACTIC;AV SABATTINI 1802 - RIO CUARTO;MICAELA MALDONADO;Retiro Proveedor;RESUMENES MENSUALES;Rodriguez_Rafael;Pick up KANGOO_JJY978;;Finalizado OK;7/9/2026 10:04;;;14:30:00;;;NO
54;1/9/2026;15:30:00;Proveedor;METALURGICA R HALLER;RUTA 8 KM 607.5 - RIO CUARTO;MAURA RODRIGUEZ;Retiro Proveedor;RETIRAR PLEGADOS TODO CAMPO;Mercado_Juan;Pick up HILUX_HLN556;;Finalizado OK;7/9/2026 10:04;;;15:30:00;;;NO
53;1/9/2026;08:00:00;Obra;BOEHLER CASTRO - DESARROLLO ELA                   ;ZONA OESTE DE LA CIUDAD - RIO CUARTO                 ;JUAN PABLO GUTIRREZ;Otro;DEJAR CASETONES Y ANTISOL;Mercado_Juan;Camion710_LNY664;;Finalizado OK;7/9/2026 10:04;;;08:00:00;;;NO
45;1/9/2026;08:45:00;Otro;SOCIEDAD RURAL RIO CUARTO ;AV. SABATTINI 3800;AGOSTINA;Otro;LLEVAR MATERIAL PARA STAND;Mercado_Juan;Camion710_LNY664;;Finalizado OK;7/9/2026 10:05;;;08:45:00;;;NO
5;2/9/2026;08:00:00;Obra;LUNARDI- PUEBLA TORRE 0 Y TORRE 1                 ;PALESTINA Y LUGONES - RIO CUARTO                 ;juan pablo gutirrez;Obra - Entrega programada;traslado de casetones desde mixon a obra;Mercado_Juan;Camion710_LNY664;5.5 metros;Agendado;21/8/2026 17:26;;05:00:00;13:00:00;;;NO
15;2/9/2026;08:45:00;Obra;LUNARDI- PUEBLA TORRE 0 Y TORRE 1                 ;PALESTINA Y LUGONES - RIO CUARTO                 ;juan pablo gutierrez;Obra - Entrega programada;llevar casetones;Mercado_Juan;Camion710_LNY664;;Agendado;25/8/2026 08:21;;01:00:00;09:45:00;;;NO
57;2/9/2026;10:00:00;Otro;PROVEDORES VARIOS;VARIOS;OBRAS VARIAS;Retiro Proveedor;VARIOS MATERIALES DE OBRA;Balmaceda_Luis;Pick up HILUX_HLN556;;Agendado;2/9/2026 09:01;;02:00:00;12:00:00;;;NO
57;2/9/2026;10:00:00;Otro;PROVEDORES VARIOS;VARIOS;OBRAS VARIAS;Retiro Proveedor;VARIOS MATERIALES DE OBRA;Balmaceda_Luis;Pick up HILUX_HLN556;;Finalizado OK;7/9/2026 10:04;;;10:00:00;;;NO
15;2/9/2026;08:45:00;Obra;LUNARDI- PUEBLA TORRE 0 Y TORRE 1                 ;PALESTINA Y LUGONES - RIO CUARTO                 ;juan pablo gutierrez;Obra - Entrega programada;llevar casetones;Mercado_Juan;Camion710_LNY664;;Finalizado OK;7/9/2026 10:05;;;08:45:00;;;NO
5;2/9/2026;08:00:00;Obra;LUNARDI- PUEBLA TORRE 0 Y TORRE 1                 ;PALESTINA Y LUGONES - RIO CUARTO                 ;juan pablo gutirrez;Obra - Entrega programada;traslado de casetones desde mixon a obra;Mercado_Juan;Camion710_LNY664;5.5 metros;Finalizado OK;7/9/2026 10:06;;;08:00:00;;;NO
42;3/9/2026;14:15:00;Otro;MIXON CERCO;JULIAN MAIDANA;RAFAEL RODRIGUEZ;Otro;FULMIGAR CERCO;Mercado_Juan;Camion710_LNY664;;Agendado;31/8/2026 09:06;;02:00:00;16:15:00;;;NO
43;3/9/2026;10:45:00;Proveedor;OLIVA HNOS;H.IRIGOYEN 3450 - RIO CUARTO;AGUSTIN ARUZA;Retiro Proveedor;RETIRAR PILARES DE DALVIT;Mercado_Juan;Camion710_LNY664;;Agendado;31/8/2026 11:05;;01:00:00;11:45:00;;;NO
56;3/9/2026;08:30:00;Proveedor;TAMECOR;ALBERDI 2187 - RIO CUARTO;ABEL VILLAGRA;Retiro Proveedor;MUEBLES PARA TORRE LINEA;Mercado_Juan;Camion710_LNY664;;Agendado;2/9/2026 08:57;;02:00:00;10:30:00;;;NO
58;3/9/2026;09:00:00;Otro;SERVICIO DE ITV;RUTA A005;JUAN MERCADO;Otro;HACER ITV AL MB710;Mercado_Juan;Camion710_LNY664;;Agendado;3/9/2026 17:25;;00:15:00;09:15:00;;;NO
56;3/9/2026;08:30:00;Proveedor;TAMECOR;ALBERDI 2187 - RIO CUARTO;ABEL VILLAGRA;Retiro Proveedor;MUEBLES PARA TORRE LINEA;Mercado_Juan;Camion710_LNY664;;Finalizado OK;7/9/2026 10:03;;;08:30:00;;;NO
58;3/9/2026;09:00:00;Otro;SERVICIO DE ITV;RUTA A005;JUAN MERCADO;Otro;HACER ITV AL MB710;Mercado_Juan;Camion710_LNY664;;Finalizado OK;7/9/2026 10:04;;;09:00:00;;;NO
43;3/9/2026;10:45:00;Proveedor;OLIVA HNOS;H.IRIGOYEN 3450 - RIO CUARTO;AGUSTIN ARUZA;Retiro Proveedor;RETIRAR PILARES DE DALVIT;Mercado_Juan;Camion710_LNY664;;Finalizado OK;7/9/2026 10:05;;;10:45:00;;;NO
42;3/9/2026;14:15:00;Otro;MIXON CERCO;JULIAN MAIDANA;RAFAEL RODRIGUEZ;Otro;FULMIGAR CERCO;Mercado_Juan;Camion710_LNY664;;Cancelado;7/9/2026 13:42;FALTO TIEMPO;;14:15:00;;;NO
51;4/9/2026;07:30:00;Obra;TODO CAMPO SRL-DEPOSITO AGROQUIMICOS Y SEMILLAS   ;RUTA N°35 - KM 529 - HUINCA RENANCO                       ;ALI CHAIJALE;Obra - Entrega programada;LLEVAR ANGULOS Y HACER FIN DE OBRA;Mercado_Juan;Camion710_LNY664;;Agendado;1/9/2026 08:43;;08:00:00;15:30:00;;;NO
51;4/9/2026;07:30:00;Obra;TODO CAMPO SRL-DEPOSITO AGROQUIMICOS Y SEMILLAS   ;RUTA N°35 - KM 529 - HUINCA RENANCO                       ;ALI CHAIJALE;Obra - Entrega programada;LLEVAR ANGULOS Y HACER FIN DE OBRA;Mercado_Juan;Camion710_LNY664;;Finalizado OK;7/9/2026 10:05;;;07:30:00;;;NO
59;7/9/2026;14:15:00;Obra;LA ANTONIA -ALCANTARILLA Y CANAL NATURAL;ZONA OESTE DE LA CIUDAD - RIO CUARTO                 ;AGUSTIN GARCIA;Obra - Entrega programada;MATAFUEGO Y OTROS;Mercado_Juan;Pick up HILUX_HLN556;;Agendado;7/9/2026 10:08;;01:30:00;15:45:00;;;NO
60;7/9/2026;09:00:00;Otro;SOCIEDAD RURAL RIO CUARTO ;AV. SABATTINI 3800;AGOSTINA;Retiro por devolución de obra;RETIRAR EL MATERIAL Q SE USI EN STAND;Mercado_Juan;Ford350_VXJ313;;Agendado;7/9/2026 11:24;;03:00:00;12:00:00;;;NO
61;7/9/2026;15:15:00;Proveedor;EL REGIONAL DEL SUR;ACCESO A005 ENTRE ROMA Y LUGONES - RIO CUARTO;EMANUEL PERUCHIN;Otro;INPECION DE CAMIOM ITV;Mercado_Juan;Camion710_LNY664;;Agendado;7/9/2026 11:26;;01:30:00;16:45:00;;;NO
60;7/9/2026;09:00:00;Otro;SOCIEDAD RURAL RIO CUARTO ;AV. SABATTINI 3800;AGOSTINA;Retiro por devolución de obra;RETIRAR EL MATERIAL Q SE USI EN STAND;Mercado_Juan;Ford350_VXJ313;;En Ejecución;7/9/2026 11:26;;;09:00:00;;;NO
62;7/9/2026;09:45:00;Otro;MIXON DESCARGA DE MOLDES;JULIAN MAIDANA;ALI CHAIJALE ;Otro;DESCARGA DE MOLDES DE TODO CAMPO;Balmaceda_Luis;Camion710_LNY664;;Agendado;7/9/2026 11:38;;02:00:00;11:45:00;;;NO
62;7/9/2026;09:45:00;Otro;MIXON DESCARGA DE MOLDES;JULIAN MAIDANA;ALI CHAIJALE ;Otro;DESCARGA DE MOLDES DE TODO CAMPO;Balmaceda_Luis;Camion710_LNY664;;Finalizado OK;7/9/2026 11:38;;;09:45:00;;;NO
63;7/9/2026;15:45:00;Obra;ING LUNARDI SRL- TORRE LÍNEA;VELEZ SARSFIELD 745/ 751 - RIO CUARTO                 ;ABEL VILLAGRA;Obra - Entrega programada;LLEVAR LOS CAÑO EPOXI DE 11/4;Mercado_Juan;Ford350_VXJ313;;Agendado;7/9/2026 13:33;;00:30:00;16:15:00;;;NO
59;7/9/2026;14:15:00;Obra;LA ANTONIA -ALCANTARILLA Y CANAL NATURAL;ZONA OESTE DE LA CIUDAD - RIO CUARTO                 ;AGUSTIN GARCIA;Obra - Entrega programada;MATAFUEGO Y OTROS;Mercado_Juan;Pick up HILUX_HLN556;;Finalizado OK;7/9/2026 13:43;;;14:15:00;;;NO
60;7/9/2026;09:00:00;Otro;SOCIEDAD RURAL RIO CUARTO ;AV. SABATTINI 3800;AGOSTINA;Retiro por devolución de obra;RETIRAR EL MATERIAL Q SE USI EN STAND;Mercado_Juan;Ford350_VXJ313;;Finalizado OK;7/9/2026 13:43;;;09:00:00;;;NO
63;7/9/2026;15:45:00;Obra;ING LUNARDI SRL- TORRE LÍNEA;VELEZ SARSFIELD 745/ 751 - RIO CUARTO                 ;ABEL VILLAGRA;Obra - Entrega programada;LLEVAR LOS CAÑO EPOXI DE 11/4;Mercado_Juan;Ford350_VXJ313;;Cancelado;7/9/2026 13:57;pasa a retirar el plomero;;15:45:00;;;NO
66;7/9/2026;14:30:00;Proveedor;TAMECOR;ALBERDI 2187 - RIO CUARTO;abel villagra;Retiro Proveedor;muebles para torre linea;Mercado_Juan;Camion710_LNY664;;Agendado;7/9/2026 14:00;;01:30:00;16:00:00;;;NO
66;7/9/2026;14:30:00;Proveedor;TAMECOR;ALBERDI 2187 - RIO CUARTO;abel villagra;Retiro Proveedor;muebles para torre linea;Mercado_Juan;Camion710_LNY664;;Finalizado OK;7/9/2026 17:20;;;14:30:00;;;NO
61;7/9/2026;15:15:00;Proveedor;EL REGIONAL DEL SUR;ACCESO A005 ENTRE ROMA Y LUGONES - RIO CUARTO;EMANUEL PERUCHIN;Otro;INPECION DE CAMIOM ITV;Mercado_Juan;Camion710_LNY664;;Finalizado OK;8/9/2026 09:47;;;15:15:00;;;NO
65;8/9/2026;08:45:00;Otro;PROVEDORES VARIOS;VARIOS;RAFAEL RODRIGUEZ;Obra - Entrega programada;RETIRAR MERCADERIA TORRE LINEA;Mercado_Juan;Camion710_LNY664;;Agendado;7/9/2026 13:40;;02:30:00;11:15:00;;;NO
68;8/9/2026;09:30:00;Obra;BOEHLER CASTRO - DESARROLLO ELA                   ;ZONA OESTE DE LA CIUDAD - RIO CUARTO                 ;SANTIAGO BRUNO;Otro;DEJAR ACOPLADO LARGO;Mercado_Juan;Camion710_LNY664;;Agendado;7/9/2026 16:05;;01:30:00;11:00:00;;;NO
69;8/9/2026;10:00:00;Otro;DEVOLUCIONES POR ALQUILER PARA EVENTOS;0;AGOSTINA;Devolución Proveedor;DEVOLVER ALFOMBRA DE STAND;Bertorello_Leonel;Pick up HILUX_HLN556;;Agendado;7/9/2026 16:19;;01:00:00;11:00:00;;;NO
65;8/9/2026;08:45:00;Otro;PROVEDORES VARIOS;VARIOS;RAFAEL RODRIGUEZ;Obra - Entrega programada;RETIRAR MERCADERIA TORRE LINEA;Mercado_Juan;Camion710_LNY664;;Finalizado OK;7/9/2026 17:20;;;08:45:00;;;NO
70;8/9/2026;15:30:00;Obra;ING LUNARDI SRL- TORRE LÍNEA;VELEZ SARSFIELD 745/ 751 - RIO CUARTO                 ;abel villagra;Obra - Entrega programada;entrega de fenolicos ;Mercado_Juan;Camion710_LNY664;;Agendado;7/9/2026 17:27;;01:00:00;16:30:00;;;NO
70;8/9/2026;15:30:00;Obra;ING LUNARDI SRL- TORRE LÍNEA;VELEZ SARSFIELD 745/ 751 - RIO CUARTO                 ;abel villagra;Obra - Entrega programada;entrega de fenolicos ;Mercado_Juan;Camion710_LNY664;;Finalizado OK;8/9/2026 09:46;;;15:30:00;;;NO
69;8/9/2026;10:00:00;Otro;DEVOLUCIONES POR ALQUILER PARA EVENTOS;0;AGOSTINA;Devolución Proveedor;DEVOLVER ALFOMBRA DE STAND;Bertorello_Leonel;Pick up HILUX_HLN556;;Finalizado OK;8/9/2026 09:46;;;10:00:00;;;NO
68;8/9/2026;09:30:00;Obra;BOEHLER CASTRO - DESARROLLO ELA                   ;ZONA OESTE DE LA CIUDAD - RIO CUARTO                 ;SANTIAGO BRUNO;Otro;DEJAR ACOPLADO LARGO;Mercado_Juan;Camion710_LNY664;;Finalizado OK;8/9/2026 09:47;;;09:30:00;;;NO
71;8/9/2026;14:45:00;Obra;BOEHLER CASTRO - LOTEO LOMA ALTA 3;ZONA OESTE DE LA CIUDAD - RIO CUARTO                 ;AGUSTIN GARCIA;Retiro Proveedor;RETIRAR 200 LT NAFTA;Mercado_Juan;Pick up HILUX_HLN556;;Agendado;8/9/2026 09:49;;01:30:00;16:15:00;;;NO
72;8/9/2026;15:00:00;Otro;fabrica de modulos;colectora oste;RODRIGO VILLAREAL;Obra - Entrega programada;ENTREGAR SIKAFLEX 221;Mercado_Juan;Pick up HILUX_HLN556;;Agendado;8/9/2026 09:51;;01:00:00;16:00:00;;;NO
73;8/9/2026;14:00:00;Otro;PROVEDORES VARIOS;VARIOS;RAFAEL RODRIGUEZ;Retiro Proveedor;MATERIAL PARA MODULOS Y LINEA;Mercado_Juan;Camion710_LNY664;;Agendado;8/9/2026 10:12;;01:00:00;15:00:00;;;NO
76;8/9/2026;16:00:00;Proveedor;DE PLANO;RUTA A005 ESQ. PTE. PERON (OESTE) - RIO CUARTO;daniela genero;Retiro Proveedor;flexibles de gas ;Bertorello_Leonel;Pick up HILUX_HLN556;;Agendado;8/9/2026 15:01;;01:00:00;17:00:00;;;NO
72;8/9/2026;15:00:00;Otro;fabrica de modulos;colectora oste;RODRIGO VILLAREAL;Obra - Entrega programada;ENTREGAR SIKAFLEX 221;Mercado_Juan;Pick up HILUX_HLN556;;Finalizado OK;9/9/2026 07:56;;;15:00:00;;;NO
73;8/9/2026;14:00:00;Otro;PROVEDORES VARIOS;VARIOS;RAFAEL RODRIGUEZ;Retiro Proveedor;MATERIAL PARA MODULOS Y LINEA;Mercado_Juan;Camion710_LNY664;;Finalizado OK;9/9/2026 07:56;;;14:00:00;;;NO
71;8/9/2026;14:45:00;Obra;BOEHLER CASTRO - LOTEO LOMA ALTA 3;ZONA OESTE DE LA CIUDAD - RIO CUARTO                 ;AGUSTIN GARCIA;Retiro Proveedor;RETIRAR 200 LT NAFTA;Mercado_Juan;Pick up HILUX_HLN556;;Finalizado OK;9/9/2026 14:58;;;14:45:00;;;NO
76;8/9/2026;16:00:00;Proveedor;DE PLANO;RUTA A005 ESQ. PTE. PERON (OESTE) - RIO CUARTO;daniela genero;Retiro Proveedor;flexibles de gas ;Bertorello_Leonel;Pick up HILUX_HLN556;;Finalizado OK;9/9/2026 14:58;;;16:00:00;;;NO
77;9/9/2026;14:00:00;Proveedor_Obra;TAMECOR;ALBERDI 2187 - RIO CUARTO;ABEL VILLAGRA;Obra - Entrega programada;RETIRO DE ALACENAS Y ENTREGA EN OBRA;Mercado_Juan;Camion710_LNY664;5.5 metros;Agendado;8/9/2026 15:23;;02:00:00;16:00:00;ING LUNARDI SRL- TORRE LÍNEA;VELEZ SARSFIELD 745/ 751 - RIO CUARTO                 ;NO
74;9/9/2026;08:30:00;Otro;ENCOFRADOS STANGUET;FRANCISCO MUÑIZ Y CHILE;SANTIAGO BRUNO;Retiro por devolución de obra;CARGA Y DESCARGA DE ENCOFRADOS;Mercado_Juan;Camion710_LNY664;;Agendado;8/9/2026 10:15;;04:00:00;12:30:00;;;NO
78;9/9/2026;08:00:00;Proveedor;ROBERTO GENTILE;SAN MARTIN 2140 - RIO CUARTO;AGUSTIN GARCIA;Retiro Proveedor;RETIRAR FENOLICOS;Balmaceda_Luis;Ford350_VXJ313;;Agendado;8/9/2026 16:21;;02:00:00;10:00:00;;;NO
80;9/9/2026;16:15:00;Obra;ING LUNARDI SRL- TORRE LÍNEA;VELEZ SARSFIELD 745/ 751 - RIO CUARTO                 ;MARTIN OCAMPO;Retiro por devolución de obra;MALLAS SIMAS ;Balmaceda_Luis;Ford350_VXJ313;;Agendado;9/9/2026 08:35;;01:30:00;17:45:00;;;NO
74;9/9/2026;08:30:00;Otro;ENCOFRADOS STANGUET;FRANCISCO MUÑIZ Y CHILE;SANTIAGO BRUNO;Retiro por devolución de obra;CARGA Y DESCARGA DE ENCOFRADOS;Mercado_Juan;Camion710_LNY664;;En Ejecución;9/9/2026 14:59;;;08:30:00;;;NO
79;9/9/2026;09:15:00;Obra;LA ANTONIA -ALCANTARILLA Y CANAL NATURAL;ZONA OESTE DE LA CIUDAD - RIO CUARTO                 ;AGUSTIN GARCIA;Retiro Proveedor;FENOLICOS PARA ENCOFRADO;Balmaceda_Luis;Ford350_VXJ313;;Agendado;9/9/2026 08:16;;02:00:00;11:15:00;;;NO
79;9/9/2026;09:15:00;Obra;LA ANTONIA -ALCANTARILLA Y CANAL NATURAL;ZONA OESTE DE LA CIUDAD - RIO CUARTO                 ;AGUSTIN GARCIA;Retiro Proveedor;FENOLICOS PARA ENCOFRADO;Balmaceda_Luis;Ford350_VXJ313;;Finalizado OK;9/9/2026 14:59;;;09:15:00;;;NO
77;9/9/2026;14:00:00;Proveedor_Obra;TAMECOR;ALBERDI 2187 - RIO CUARTO;ABEL VILLAGRA;Obra - Entrega programada;RETIRO DE ALACENAS Y ENTREGA EN OBRA;Mercado_Juan;Camion710_LNY664;5.5 metros;Cancelado;9/9/2026 15:58;POR LLUVIA;02:00:00;16:00:00;;;NO
74;9/9/2026;08:30:00;Otro;ENCOFRADOS STANGUET;FRANCISCO MUÑIZ Y CHILE;SANTIAGO BRUNO;Retiro por devolución de obra;CARGA Y DESCARGA DE ENCOFRADOS;Mercado_Juan;Camion710_LNY664;;Finalizado OK;9/9/2026 16:48;;;08:30:00;;;NO
78;9/9/2026;08:00:00;Proveedor;ROBERTO GENTILE;SAN MARTIN 2140 - RIO CUARTO;AGUSTIN GARCIA;Retiro Proveedor;RETIRAR FENOLICOS;Balmaceda_Luis;Ford350_VXJ313;;Finalizado OK;9/9/2026 16:15;;;08:00:00;;;NO
80;9/9/2026;16:15:00;Obra;ING LUNARDI SRL- TORRE LÍNEA;VELEZ SARSFIELD 745/ 751 - RIO CUARTO                 ;MARTIN OCAMPO;Retiro por devolución de obra;MALLAS SIMAS ;Balmaceda_Luis;Ford350_VXJ313;;Cancelado;9/9/2026 16:48;cambio de fecha;;16:15:00;;;NO
64;10/9/2026;14:15:00;Otro;MIXON CERCO;JULIAN MAIDANA;RAFAEL RODRIGUEZ;Otro;FULMIGAR CERCO;;;;Agendado;7/9/2026 13:39;;03:00:00;17:15:00;;;NO
88;10/9/2026;09:45:00;Obra;BOEHLER CASTRO - DESARROLLO ELA                   ;ZONA OESTE DE LA CIUDAD - RIO CUARTO                 ;SANTIAGO BRUNO;Retiro Proveedor;EMBUDOS DE HIERRO FUNDIDO;Mercado_Juan;Camion710_LNY664;;Agendado;10/9/2026 08:16;;01:00:00;10:45:00;;;NO
81;10/9/2026;08:30:00;Obra;ING LUNARDI SRL- TORRE LÍNEA;VELEZ SARSFIELD 745/ 751 - RIO CUARTO                 ;ABEL VILLAGRA;Retiro Proveedor;TRALADO DESDE DARTE  A OBRA;Mercado_Juan;Camion710_LNY664;;Agendado;9/9/2026 08:55;;02:00:00;10:30:00;;;NO
82;10/9/2026;08:00:00;Obra;LA ANTONIA -ALCANTARILLA Y CANAL NATURAL;ZONA OESTE DE LA CIUDAD - RIO CUARTO                 ;agustina garcia;Obra - Entrega programada;TRASLADO DE PUEBLA ALA ANTONIA;Balmaceda_Luis;Ford350_VXJ313;;Finalizado OK;9/9/2026 15:23;;;08:00:00;;;NO
84;10/9/2026;08:45:00;Proveedor;TAMECOR;ALBERDI 2187 - RIO CUARTO;ABEL VILLAGRA;Retiro Proveedor;RETIRAR BAJO MESASDAS PARA LINEA;Balmaceda_Luis;Ford350_VXJ313;;Agendado;9/9/2026 16:11;;02:00:00;10:45:00;;;NO
85;10/9/2026;10:30:00;Obra;BOEHLER CASTRO - DESARROLLO ELA                   ;ZONA OESTE DE LA CIUDAD - RIO CUARTO                 ;MAURA RODRIGUEZ;Obra - Entrega programada;ENTREGAR EMBUDOS FUNDICION;Mercado_Juan;Camion710_LNY664;;Agendado;9/9/2026 16:18;;02:00:00;12:30:00;;;NO
86;10/9/2026;11:15:00;Proveedor;CASA PAUNERO;PAUNERO 288 - RIO CUARTO;MAURA RODRIGUEZ;Obra - Entrega programada;RETIRAR SERRUCHOS PARA DURLOX;Rodriguez_Rafael;Pick up HILUX_HLN556;;Agendado;9/9/2026 16:47;;00:30:00;11:45:00;;;NO
83;10/9/2026;08:15:00;Otro;ENCOFRADOS STANGUET;FRANCISCO MUÑIZ Y CHILE;JUAN PABLO GUETIERREZ;Retiro por devolución de obra;CARCA DE ENCOFRADOS DE ELA ASTA PROVEDOR;Mercado_Juan;Camion710_LNY664;5.5 metros;Agendado;9/9/2026 16:09;;04:00:00;12:15:00;;;NO
64;10/9/2026;14:15:00;Otro;MIXON CERCO;JULIAN MAIDANA;RAFAEL RODRIGUEZ;Otro;FULMIGAR CERCO;;;;Cancelado;9/9/2026 16:49;por falta de tiempo;;14:15:00;;;NO
90;10/9/2026;11:45:00;Proveedor;TSUJI PINTURAS TERMOCONTRAIBLES;ADELIA MARIA 189 - RIO CUARTO;abel villagra;Obra - Entrega programada;llevar caños 2mt a pintar des torre linea;Balmaceda_Luis;Ford350_VXJ313;;Agendado;10/9/2026 08:23;;01:00:00;12:45:00;;;NO
89;10/9/2026;11:30:00;Proveedor;DARTE SAS;WASHINGTON GEORGE 1346 - RIO CUARTO;abel villagra;Retiro Proveedor;retirar plegados;Balmaceda_Luis;Ford350_VXJ313;;Agendado;10/9/2026 08:21;;01:30:00;13:00:00;;;NO
91;10/9/2026;14:00:00;Proveedor;SUAREZ MATIAS JAVIER;JUAN JOSE VALLE 100 - LAS HIGUERAS;ABEL VILLAGRA;Retiro Proveedor;RETIRAR PUERTAS ;Balmaceda_Luis;Ford350_VXJ313;;Agendado;10/9/2026 13:10;;02:00:00;16:00:00;;;NO
81;10/9/2026;08:30:00;Obra;ING LUNARDI SRL- TORRE LÍNEA;VELEZ SARSFIELD 745/ 751 - RIO CUARTO                 ;ABEL VILLAGRA;Retiro Proveedor;TRALADO DESDE DARTE  A OBRA;Mercado_Juan;Camion710_LNY664;;Finalizado OK;10/9/2026 13:07;;;08:30:00;;;NO
84;10/9/2026;08:45:00;Proveedor;TAMECOR;ALBERDI 2187 - RIO CUARTO;ABEL VILLAGRA;Retiro Proveedor;RETIRAR BAJO MESASDAS PARA LINEA;Balmaceda_Luis;Ford350_VXJ313;;Finalizado OK;10/9/2026 13:12;;;08:45:00;;;NO
86;10/9/2026;11:15:00;Proveedor;CASA PAUNERO;PAUNERO 288 - RIO CUARTO;MAURA RODRIGUEZ;Obra - Entrega programada;RETIRAR SERRUCHOS PARA DURLOX;Rodriguez_Rafael;Pick up HILUX_HLN556;;Finalizado OK;10/9/2026 15:16;;;11:15:00;;;NO
85;10/9/2026;10:30:00;Obra;BOEHLER CASTRO - DESARROLLO ELA                   ;ZONA OESTE DE LA CIUDAD - RIO CUARTO                 ;MAURA RODRIGUEZ;Obra - Entrega programada;ENTREGAR EMBUDOS FUNDICION;Mercado_Juan;Camion710_LNY664;;Finalizado OK;10/9/2026 15:21;;;10:30:00;;;NO
90;10/9/2026;11:45:00;Proveedor;TSUJI PINTURAS TERMOCONTRAIBLES;ADELIA MARIA 189 - RIO CUARTO;abel villagra;Obra - Entrega programada;llevar caños 2mt a pintar des torre linea;Balmaceda_Luis;Ford350_VXJ313;;Finalizado OK;10/9/2026 15:19;;;11:45:00;;;NO
89;10/9/2026;11:30:00;Proveedor;DARTE SAS;WASHINGTON GEORGE 1346 - RIO CUARTO;abel villagra;Retiro Proveedor;retirar plegados;Balmaceda_Luis;Ford350_VXJ313;;Finalizado OK;10/9/2026 17:07;;;11:30:00;;;NO
88;10/9/2026;09:45:00;Obra;BOEHLER CASTRO - DESARROLLO ELA                   ;ZONA OESTE DE LA CIUDAD - RIO CUARTO                 ;SANTIAGO BRUNO;Retiro Proveedor;EMBUDOS DE HIERRO FUNDIDO;Mercado_Juan;Camion710_LNY664;;Finalizado OK;11/9/2026 12:34;;01:00:00;10:45:00;;;NO
91;10/9/2026;14:00:00;Proveedor;SUAREZ MATIAS JAVIER;JUAN JOSE VALLE 100 - LAS HIGUERAS;ABEL VILLAGRA;Retiro Proveedor;RETIRAR PUERTAS ;Balmaceda_Luis;Ford350_VXJ313;;Finalizado OK;11/9/2026 12:21;;02:00:00;16:00:00;;;NO
95;11/9/2026;15:30:00;Otro;LAVADO DE FLOTA;ATTUS EMPRESA;EMANUEL PERUCHIN;Otro;LAVADO DE MB710 Y F 350 Y HILUX;Mercado_Juan;Otros;;Agendado;10/9/2026 15:37;;02:00:00;17:30:00;;;NO
92;11/9/2026;08:45:00;;RADIO ELECTRON;CABRERA Nø 726 - RIO CUARTO;MAURA RODRIGUEZ;Retiro Proveedor;RETIRAR MATERIAL ELETRICO PUEBLA;Mercado_Juan;;;Agendado;10/9/2026 14:58;;01:30:00;10:15:00;;;NO
93;11/9/2026;08:45:00;Proveedor;SEGUTEX SRL;SARMIENTO 601 - RIO CUARTO;martina astrada;Retiro Proveedor;retirar ropa ;Bertorello_Leonel;Pick up HILUX_HLN556;;Agendado;10/9/2026 15:18;;01:00:00;09:45:00;;;NO
94;11/9/2026;09:45:00;Proveedor;ESTACION DE SERVICIO YPF GALACTIC;AV SABATTINI 1802 - RIO CUARTO;RAFAEL RODRIGUEZ;Retiro Proveedor;NAFTA PARA STOX;Bertorello_Leonel;Pick up HILUX_HLN556;;Agendado;10/9/2026 15:24;;01:00:00;10:45:00;;;NO
96;11/9/2026;11:15:00;Otro;LIMPIEZA DE GALPON BBARRIDO;CONCEJAL EIMENDI 447;RAFAEL RODRIGUEZ;Otro;LIMPIEZA DE LOS 2 GALPONES BARRIDO;Bertorello_Leonel;;;Agendado;10/9/2026 15:40;;01:00:00;12:15:00;;;NO
97;11/9/2026;10:15:00;Proveedor;TKTEC;REVERENDO PADRE SILVI 521 - RIO CUARTO;DANIELA GENERO;Retiro Proveedor;RETIRAR MATERIAL VARIO;Mercado_Juan;Camion710_LNY664;;Agendado;10/9/2026 17:02;;01:00:00;11:15:00;;;NO
100;11/9/2026;09:30:00;Otro;ENCOFRADOS STANGUET;FRANCISCO MUÑIZ Y CHILE;SANTIAGO BRUNO;Retiro Proveedor;RETIRO DE ENCOFRADOS PUEBLA;Balmaceda_Luis;Ford350_VXJ313;5.5 metros;Agendado;11/9/2026 10:18;;04:00:00;13:30:00;;;NO
93;11/9/2026;08:45:00;Proveedor;SEGUTEX SRL;SARMIENTO 601 - RIO CUARTO;martina astrada;Retiro Proveedor;retirar ropa ;Bertorello_Leonel;Pick up HILUX_HLN556;;Finalizado OK;11/9/2026 14:57;;01:00:00;09:45:00;;;NO
75;14/9/2026;08:30:00;Obra;LUNARDI- PUEBLA TORRE 0 Y TORRE 1                 ;PALESTINA Y LUGONES - RIO CUARTO                 ;JUAN PABLO RODRIGUEZ;Obra - Entrega programada;TRASLADO DE HIERRO DE PLANTA A OBRA;Mercado_Juan;Ford350_VXJ313;;Agendado;8/9/2026 11:11;;06:00:00;14:30:00;;;NO
101;14/09/2026;14:15:00;Otro;PROVEDORES VARIOS;VARIOS;ALI CHAIJALE;Retiro Proveedor;METERIALES VARIOS PARA OBRA CROATTO;Mercado_Juan;Camion710_LNY664;;Agendado;11/9/2026 13:40;;03:00:00;17:15:00;;;NO
104;14/09/2026;15:30:00;Proveedor;ESTACION DE SERVICIO YPF GALACTIC;AV SABATTINI 1802 - RIO CUARTO;RAFAEL RODRIGUEZ;Retiro Proveedor;NAFTA PARA DEPOSITO;Bertorello_Leonel;Pick up HILUX_HLN556;;Agendado;11/9/2026 15:23;;00:30:00;16:00:00;;;NO
106;14/09/2026;14:30:00;Otro;TRASLADO  DE OBRA S;ELA A LINEA;ABEL VILLAGRA;Obra - Entrega programada;RETIRO DE EFCO;Balmaceda_Luis;Ford350_VXJ313;;Agendado;11/9/2026 15:46;;01:30:00;16:00:00;;;NO
102;15/09/2026;09:30:00;Otro;MIXON CARGA VARIAS;JULIAN MAIDANA;ALI CHAIJALE;Otro;CARGA DE MOLDES Y VALLAS PARA CROATTO;Mercado_Juan;Camion710_LNY664;5.5 metros;Agendado;11/9/2026 13:42;;03:00:00;12:30:00;;;NO
107;15/09/2026;09:15:00;Proveedor;SUAREZ MATIAS JAVIER;JUAN JOSE VALLE 100 - LAS HIGUERAS;abel villagra;Obra - Entrega programada;puertas faltantes;Mercado_Juan;Camion710_LNY664;;Agendado;14/9/2026 07:35;;01:30:00;10:45:00;;;NO
109;14/09/2026;09:00:00;Proveedor;SUAREZ MATIAS JAVIER;JUAN JOSE VALLE 100 - LAS HIGUERAS;abel villagra;Retiro Proveedor;RETIRAR PUERTAS ;Mercado_Juan;Camion710_LNY664;;Agendado;14/9/2026 07:42;;01:30:00;10:30:00;;;NO
67;8//9/2026;08:15:00;Obra;ING LUNARDI SRL- TORRE LÍNEA;VELEZ SARSFIELD 745/ 751 - RIO CUARTO                 ;AVEL VILLAGRA;Obra - Entrega programada;ENTREGA DE MUEBLES ;Mercado_Juan;Camion710_LNY664;;Agendado;7/9/2026 14:02;;01:00:00;09:15:00;;;NO
67;8//9/2026;08:15:00;Obra;ING LUNARDI SRL- TORRE LÍNEA;VELEZ SARSFIELD 745/ 751 - RIO CUARTO                 ;AVEL VILLAGRA;Obra - Entrega programada;ENTREGA DE MUEBLES ;Mercado_Juan;Camion710_LNY664;;Finalizado OK;8/9/2026 09:46;;;08:15:00;;;NO
97;11/9/2026;10:15:00;Proveedor;TKTEC;REVERENDO PADRE SILVI 521 - RIO CUARTO;DANIELA GENERO;Retiro Proveedor;RETIRAR MATERIAL VARIO;Mercado_Juan;Camion710_LNY664;;Finalizado OK;11/9/2026 15:21;;01:00:00;11:15:00;;;NO
100;11/9/2026;09:30:00;Otro;ENCOFRADOS STANGUET;FRANCISCO MUÑIZ Y CHILE;SANTIAGO BRUNO;Retiro Proveedor;RETIRO DE ENCOFRADOS PUEBLA;Balmaceda_Luis;Ford350_VXJ313;5.5 metros;Finalizado OK;11/9/2026 15:21;;04:00:00;13:30:00;;;NO
96;11/9/2026;11:15:00;Otro;LIMPIEZA DE GALPON BBARRIDO;CONCEJAL EIMENDI 447;RAFAEL RODRIGUEZ;Otro;LIMPIEZA DE LOS 2 GALPONES BARRIDO;Bertorello_Leonel;;;Finalizado OK;11/9/2026 15:22;;01:00:00;12:15:00;;;NO
94;11/9/2026;09:45:00;Proveedor;ESTACION DE SERVICIO YPF GALACTIC;AV SABATTINI 1802 - RIO CUARTO;RAFAEL RODRIGUEZ;Retiro Proveedor;NAFTA PARA STOX;Bertorello_Leonel;Pick up HILUX_HLN556;;Finalizado OK;11/9/2026 15:22;;01:00:00;10:45:00;;;NO
108;15/09/2026;09:45:00;Otro;MIXON CARGA VARIAS;JULIAN MAIDANA;ali chaijale;Otro;carga de moldes y vallas;Mercado_Juan;Camion710_LNY664;5.5 metros;Agendado;14/9/2026 07:39;;03:00:00;12:45:00;;;NO
105;14/09/2026;14:30:00;Otro;TRASLADO  DE OBRA S;ELA A LINEA;ABEL VILLAGRA;Obra - Entrega programada;TRASLADO DE EFCO;Mercado_Juan;Camion710_LNY664;;Agendado;11/9/2026 15:38;;01:30:00;16:00:00;;;NO
75;14/9/2026;08:30:00;Obra;LUNARDI- PUEBLA TORRE 0 Y TORRE 1                 ;PALESTINA Y LUGONES - RIO CUARTO                 ;JUAN PABLO RODRIGUEZ;Obra - Entrega programada;TRASLADO DE HIERRO DE PLANTA A OBRA;Mercado_Juan;Ford350_VXJ313;;Cancelado;11/9/2026 15:40;TRASLADO PARA OTRA FECHA;06:00:00;14:30:00;;;NO
95;11/9/2026;15:30:00;Otro;LAVADO DE FLOTA;ATTUS EMPRESA;EMANUEL PERUCHIN;Otro;LAVADO DE MB710 Y F 350 Y HILUX;Mercado_Juan;Otros;;Finalizado OK;11/9/2026 15:40;;02:00:00;17:30:00;;;NO
105;14/9/2026;14:30:00;Otro;TRASLADO  DE OBRA S;ELA A LINEA;ABEL VILLAGRA;Obra - Entrega programada;TRASLADO DE EFCO;Mercado_Juan;Camion710_LNY664;;Finalizado OK;11/9/2026 15:40;;01:30:00;16:00:00;;;NO
115;14/09/2026;12:15:00;Otro;fabrica de modulos;colectora oste;RODRIGO VILLAREAL;Retiro Proveedor;2 RECAMBIO DE GARRAFAS;Bertorello_Leonel;Pick up HILUX_HLN556;;Agendado;14/9/2026 12:12;;01:00:00;13:15:00;;;NO
116;14/09/2026;15:00:00;Otro;EXTRAGAS ;RUTA A005;RODRIGO VILLAREAL;Retiro Proveedor;GARRAFAS 10 KG;Bertorello_Leonel;Pick up HILUX_HLN556;;Agendado;14/9/2026 12:16;;01:00:00;16:00:00;;;NO
102;15/9/2026;09:30:00;Otro;MIXON CARGA VARIAS;JULIAN MAIDANA;ALI CHAIJALE;Otro;CARGA DE MOLDES Y VALLAS PARA CROATTO;Mercado_Juan;Camion710_LNY664;5.5 metros;Finalizado OK;14/9/2026 07:36;;03:00:00;12:30:00;;;NO
107;15/9/2026;09:15:00;Proveedor;SUAREZ MATIAS JAVIER;JUAN JOSE VALLE 100 - LAS HIGUERAS;abel villagra;Obra - Entrega programada;puertas faltantes;Mercado_Juan;Camion710_LNY664;;Finalizado OK;14/9/2026 07:39;;01:30:00;10:45:00;;;NO
98;18/9/2026;08:15:00;Otro;ENCOFRADOS STANGUET;FRANCISCO MUÑIZ Y CHILE;JUAN PABLO GUTIRREZ;Retiro Proveedor;RETIRO DE ENCOFRADOS PUEBLA;Mercado_Juan;Camion710_LNY664;5.5 metros;Agendado;11/9/2026 10:11;;04:00:00;12:15:00;;;NO
99;18/9/2026;08:15:00;Otro;ENCOFRADOS STANGUET;FRANCISCO MUÑIZ Y CHILE;JUAN PABLO GUTIRREZ;Retiro Proveedor;RETIRO DE ENCOFRADOS PUEBLA;Balmaceda_Luis;Ford350_VXJ313;5.5 metros;Agendado;11/9/2026 10:12;;04:00:00;12:15:00;;;NO
117;14/09/2026;15:30:00;Otro;PROVEDORES VARIOS;VARIOS;RAFAEL RODRIGUEZ;Otro;RETIRAR DISPENSER GARRAFAS Y PLEGADOS;Mercado_Juan;Pick up HILUX_HLN556;;Agendado;14/9/2026 15:50;;02:00:00;17:30:00;;;NO
127;15/09/2025;14:45:00;Proveedor;DE PLANO;RUTA A005 ESQ. PTE. PERON (OESTE) - RIO CUARTO;ALI CHAIJALE;Retiro Proveedor;CAÑOS DURATOP 110;Bertorello_Leonel;Pick up HILUX_HLN556;;Agendado;15/9/2026 11:23;;01:00:00;15:45:00;;;NO
99;18/9/2026;08:15:00;Otro;ENCOFRADOS STANGUET;FRANCISCO MUÑIZ Y CHILE;JUAN PABLO GUTIRREZ;Retiro Proveedor;RETIRO DE ENCOFRADOS PUEBLA;Balmaceda_Luis;Ford350_VXJ313;5.5 metros;Finalizado OK;14/9/2026 11:08;;04:00:00;12:15:00;;;NO
98;18/9/2026;08:15:00;Otro;ENCOFRADOS STANGUET;FRANCISCO MUÑIZ Y CHILE;JUAN PABLO GUTIRREZ;Retiro Proveedor;RETIRO DE ENCOFRADOS PUEBLA;Mercado_Juan;Camion710_LNY664;5.5 metros;Finalizado OK;14/9/2026 11:08;;04:00:00;12:15:00;;;NO
119;15/09/2026;08:30:00;Proveedor;TAMECOR;ALBERDI 2187 - RIO CUARTO;ABEL VILLAGRA;Retiro Proveedor;RETIRAR MUEBLES TORRE LINEA;Mercado_Juan;Ford350_VXJ313;;Agendado;14/9/2026 15:58;;02:00:00;10:30:00;;;NO
121;15/09/2026;14:30:00;Proveedor;ESTACION DE SERVICIO YPF GALACTIC;AV SABATTINI 1802 - RIO CUARTO;RAFAEL RODRIGUEZ;Retiro Proveedor;200 LT NAFTA PARA EL DEPOSITO;Bertorello_Leonel;Pick up HILUX_HLN556;;Agendado;14/9/2026 16:31;;00:30:00;15:00:00;;;NO
109;14/9/2026;09:00:00;Proveedor;SUAREZ MATIAS JAVIER;JUAN JOSE VALLE 100 - LAS HIGUERAS;abel villagra;Retiro Proveedor;RETIRAR PUERTAS ;Mercado_Juan;Camion710_LNY664;;Finalizado OK;14/9/2026 11:12;;01:30:00;10:30:00;;;NO
108;15/9/2026;09:45:00;Otro;MIXON CARGA VARIAS;JULIAN MAIDANA;ali chaijale;Otro;carga de moldes y vallas;Mercado_Juan;Camion710_LNY664;5.5 metros;Finalizado OK;14/9/2026 11:25;;03:00:00;12:45:00;;;NO
87;17/9/2026;14:00:00;Otro;MIXON CERCO;JULIAN MAIDANA;RAFAEL RODRIGUEZ;Otro;DESMALESADO DE CERCO INTERNO;Mercado_Juan;Pick up HILUX_HLN556;;Agendado;9/9/2026 16:51;;03:00:00;17:00:00;;;NO
114;15/09/2026;14:15:00;Otro;MIXON CARGA VARIAS;JULIAN MAIDANA;ALI CHAIJALE;Obra - Entrega programada;CARGA DE MOLDES CON GENTE DE ANTOLIN;Mercado_Juan;Camion710_LNY664;6.5 metros;Agendado;14/9/2026 11:26;;02:00:00;16:15:00;;;NO
124;15/09/2026;10:45:00;Obra;BOEHLER CASTRO - DESARROLLO ELA                   ;ZONA OESTE DE LA CIUDAD - RIO CUARTO                 ;JESUS MAULETI;Obra - Entrega programada;LLEVAR CAÑOS DE AGUA VARIOS Y ACCESORIOS;Mercado_Juan;Camion710_LNY664;;Agendado;15/9/2026 11:00;;01:30:00;12:15:00;;;NO
115;14/9/2026;12:15:00;Otro;fabrica de modulos;colectora oste;RODRIGO VILLAREAL;Retiro Proveedor;2 RECAMBIO DE GARRAFAS;Bertorello_Leonel;Pick up HILUX_HLN556;;Finalizado OK;14/9/2026 13:47;;01:00:00;13:15:00;;;NO
125;15/09/2026;11:30:00;Proveedor;RADIO ELECTRON;CABRERA Nø 726 - RIO CUARTO;MAURA RODRIGUEZ;Cambio con Proveedor;DEVOLUCION DE CAÑOS CORRUGADO;Mercado_Juan;Camion710_LNY664;;Agendado;15/9/2026 11:01;;01:30:00;13:00:00;;;NO
106;14/9/2026;14:30:00;Otro;TRASLADO  DE OBRA S;ELA A LINEA;ABEL VILLAGRA;Obra - Entrega programada;RETIRO DE EFCO;Balmaceda_Luis;Ford350_VXJ313;;Finalizado OK;14/9/2026 15:50;;01:30:00;16:00:00;;;NO
116;14/9/2026;15:00:00;Otro;EXTRAGAS ;RUTA A005;RODRIGO VILLAREAL;Retiro Proveedor;GARRAFAS 10 KG;Bertorello_Leonel;Pick up HILUX_HLN556;;Finalizado OK;14/9/2026 15:50;;01:00:00;16:00:00;;;NO
101;14/9/2026;14:15:00;Otro;PROVEDORES VARIOS;VARIOS;ALI CHAIJALE;Retiro Proveedor;METERIALES VARIOS PARA OBRA CROATTO;Mercado_Juan;Camion710_LNY664;;Finalizado OK;14/9/2026 15:51;;03:00:00;17:15:00;;;NO
126;15/09/2026;14:15:00;Proveedor;PRONE ELECTROILUMINACION;MAIPU 2336 - RIO CUARTO;MAURA RODRIGUEZ;Cambio con Proveedor;DEVOLUCION DE CAÑOS CORRUGADO;Bertorello_Leonel;Pick up HILUX_HLN556;;Agendado;15/9/2026 11:03;;01:30:00;15:45:00;;;NO
87;17/9/2026;14:00:00;Otro;MIXON CERCO;JULIAN MAIDANA;RAFAEL RODRIGUEZ;Otro;DESMALESADO DE CERCO INTERNO;Mercado_Juan;Pick up HILUX_HLN556;;Cancelado;14/9/2026 15:53;POR CAMBIO DE FECHA;03:00:00;17:00:00;;;NO
130;15/09/2026;15:00:00;Otro;PROVEDORES VARIOS;VARIOS;ARUZA  AGUSTIN;Retiro Proveedor;RETIRAR DE CHAPA Y LLEVAR A MECA;Bertorello_Leonel;Pick up HILUX_HLN556;;Agendado;15/9/2026 13:34;;01:00:00;16:00:00;;;NO
132;15/09/2026;14:45:00;Obra;BOEHLER CASTRO - DESARROLLO ELA                   ;ZONA OESTE DE LA CIUDAD - RIO CUARTO                 ;SANTIAGO BRUNO;Obra - Entrega urgente;ENTREGAR MECHA DE COPA 150 HILTI;Balmaceda_Luis;Pick up HILUX_HLN556;;Agendado;15/9/2026 15:05;;02:00:00;16:45:00;;;NO
104;14/9/2026;15:30:00;Proveedor;ESTACION DE SERVICIO YPF GALACTIC;AV SABATTINI 1802 - RIO CUARTO;RAFAEL RODRIGUEZ;Retiro Proveedor;NAFTA PARA DEPOSITO;Bertorello_Leonel;Pick up HILUX_HLN556;;Finalizado OK;14/9/2026 16:28;;00:30:00;16:00:00;;;NO
133;15/09/2026;15:15:00;Obra;BOEHLER CASTRO - LOTEO LOMA ALTA 3;ZONA OESTE DE LA CIUDAD - RIO CUARTO                 ;VENITEZ SERGIO;Otro;VER GRUPO ELETROGENO;Balmaceda_Luis;Pick up HILUX_HLN556;;Agendado;15/9/2026 15:05;;02:00:00;17:15:00;;;NO
128;16/09/2026;09:00:00;Obra;ING LUNARDI SRL- TORRE LÍNEA;VELEZ SARSFIELD 745/ 751 - RIO CUARTO                 ;DANIELA GENERO;Obra - Entrega programada;GABINETES PARA MEDIDORES DE EPEC;Bertorello_Leonel;Pick up HILUX_HLN556;;Agendado;15/9/2026 12:50;;01:00:00;10:00:00;;;NO
103;16/09/2026;08:30:00;Otro;CROATTO CORDON CUNETA;GIGENA;ALI CHAIJALE;Obra - Entrega programada;ENTREGA DE MATERIALES VARIOS;Mercado_Juan;Camion710_LNY664;5.5 metros;Agendado;11/9/2026 13:44;;03:00:00;11:30:00;;;NO
118;16/09/2026;12:15:00;Proveedor;ARENA;RUTA NAC. 36 KM 696 - LOS CONDORES;DANIELA GENERO;Retiro Proveedor;BORDILLOS DE HORMIGON;Mercado_Juan;Camion710_LNY664;;Agendado;14/9/2026 15:52;;03:00:00;15:15:00;;;NO
129;16/09/2026;11:00:00;Proveedor;PRONE ELECTROILUMINACION;MAIPU 2336 - RIO CUARTO;JUAN PABLE GUTIERREZ;Retiro Proveedor;RETIRAR FALTANTE DE CAÑOS;Bertorello_Leonel;Pick up HILUX_HLN556;;Agendado;15/9/2026 12:52;;01:00:00;12:00:00;;;NO
131;16/09/2026;09:30:00;Otro;PROVEDORES VARIOS;VARIOS;ARUZA  AGUSTIN;Retiro Proveedor;RETIRAR DE CHAPA Y LLEVAR A MECA;Bertorello_Leonel;Pick up HILUX_HLN556;;Agendado;15/9/2026 14:54;;01:00:00;10:30:00;;;NO
117;14/9/2026;15:30:00;Otro;PROVEDORES VARIOS;VARIOS;RAFAEL RODRIGUEZ;Otro;RETIRAR DISPENSER GARRAFAS Y PLEGADOS;Mercado_Juan;Pick up HILUX_HLN556;;Finalizado OK;15/9/2026 11:04;;02:00:00;17:30:00;;;NO
119;15/9/2026;08:30:00;Proveedor;TAMECOR;ALBERDI 2187 - RIO CUARTO;ABEL VILLAGRA;Retiro Proveedor;RETIRAR MUEBLES TORRE LINEA;Mercado_Juan;Ford350_VXJ313;;Finalizado OK;15/9/2026 11:04;;02:00:00;10:30:00;;;NO
121;15/9/2026;14:30:00;Proveedor;ESTACION DE SERVICIO YPF GALACTIC;AV SABATTINI 1802 - RIO CUARTO;RAFAEL RODRIGUEZ;Retiro Proveedor;200 LT NAFTA PARA EL DEPOSITO;Bertorello_Leonel;Pick up HILUX_HLN556;;Finalizado OK;15/9/2026 11:04;;00:30:00;15:00:00;;;NO
134;16/09/2026;09:45:00;Proveedor;TRANSPORTE IMPERIO;PRESIDENTE PERON CENTRO 145 - RIO CUARTO;MAURA RODRIGUEZ;Retiro Proveedor;RETIRAR SEPARADOR;Bertorello_Leonel;Pick up HILUX_HLN556;;Agendado;16/9/2026 07:59;;01:00:00;10:45:00;;;NO
127;15/9/2025;14:45:00;Proveedor;DE PLANO;RUTA A005 ESQ. PTE. PERON (OESTE) - RIO CUARTO;ALI CHAIJALE;Retiro Proveedor;CAÑOS DURATOP 110;Bertorello_Leonel;Pick up HILUX_HLN556;;Finalizado OK;15/9/2026 12:48;;01:00:00;15:45:00;;;NO
136;16/09/2026;10:45:00;Otro;OBRAS VARIAS;ATTUS EMPRESA;JUAN PABLO AGUSTIN G SANTIAGO B;Obra - Entrega programada;SEPARADORES CAÑOS AW ;Bertorello_Leonel;Pick up HILUX_HLN556;;Agendado;16/9/2026 10:44;;01:30:00;12:15:00;;;NO
137;16/09/2026;14:30:00;Obra;BOEHLER CASTRO - LOTEO LOMA ALTA 3;ZONA OESTE DE LA CIUDAD - RIO CUARTO                 ;AGUSTINA GARCIA;Obra - Entrega programada;LLEVAR GRUPO  Y CANDADOS;Balmaceda_Luis;Pick up HILUX_HLN556;;Agendado;16/9/2026 12:49;;02:00:00;16:30:00;;;NO
126;15/9/2026;14:15:00;Proveedor;PRONE ELECTROILUMINACION;MAIPU 2336 - RIO CUARTO;MAURA RODRIGUEZ;Cambio con Proveedor;DEVOLUCION DE CAÑOS CORRUGADO;Bertorello_Leonel;Pick up HILUX_HLN556;;Finalizado OK;15/9/2026 12:52;;01:30:00;15:45:00;;;NO
125;15/9/2026;11:30:00;Proveedor;RADIO ELECTRON;CABRERA Nø 726 - RIO CUARTO;MAURA RODRIGUEZ;Cambio con Proveedor;DEVOLUCION DE CAÑOS CORRUGADO;Mercado_Juan;Camion710_LNY664;;Finalizado OK;15/9/2026 12:53;;01:30:00;13:00:00;;;NO
124;15/9/2026;10:45:00;Obra;BOEHLER CASTRO - DESARROLLO ELA                   ;ZONA OESTE DE LA CIUDAD - RIO CUARTO                 ;JESUS MAULETI;Obra - Entrega programada;LLEVAR CAÑOS DE AGUA VARIOS Y ACCESORIOS;Mercado_Juan;Camion710_LNY664;;Finalizado OK;15/9/2026 12:53;;01:30:00;12:15:00;;;NO
138;16/09/2026;15:45:00;Obra;LUNARDI- PUEBLA TORRE 0 Y TORRE 1                 ;PALESTINA Y LUGONES - RIO CUARTO                 ;JUAN PABLO GUTIERREZ;Obra - Entrega programada;LLEVAR CAÑO FALTANTE  DE PRONEX;Bertorello_Leonel;Pick up KANGOO_JJY978;;Agendado;16/9/2026 13:02;;01:00:00;16:45:00;;;NO
128;16/9/2026;09:00:00;Obra;ING LUNARDI SRL- TORRE LÍNEA;VELEZ SARSFIELD 745/ 751 - RIO CUARTO                 ;DANIELA GENERO;Obra - Entrega programada;GABINETES PARA MEDIDORES DE EPEC;Bertorello_Leonel;Pick up HILUX_HLN556;;Finalizado OK;15/9/2026 14:45;;01:00:00;10:00:00;;;NO
139;16/09/2026;14:15:00;Obra;RIVOIRA OSCAR - DEPOSITO URQUIZA                  ;URQUIZA 67 - RIO CUARTO                 ;AGUSTIN ARUZA;Otro;DEJAR PLEGADOS Y CARGAR CHAPAS ;Rodriguez_Rafael;Pick up HILUX_HLN556;;Agendado;16/9/2026 13:30;;01:00:00;15:15:00;;;NO
142;16/09/2026;16:15:00;Otro;fabrica de modulos;colectora oste;RODRIGO VILLAREAL;Otro;DESCARGA DE BORDILLOS DE HORMIGON;Mercado_Juan;Camion710_LNY664;;Agendado;16/9/2026 14:12;;01:00:00;17:15:00;;;NO
143;16/09/2026;16:30:00;Otro;MIXON CERCO;JULIAN MAIDANA;EMANUEL PERUCHIN;Otro;DEJAR ACOPLADO  6 MT ;Mercado_Juan;Camion710_LNY664;;Agendado;16/9/2026 14:14;;01:00:00;17:30:00;;;NO
112;17/09/2026;08:30:00;Otro;ENCOFRADOS STANGUET;FRANCISCO MUÑIZ Y CHILE;SANTIAGO BRUNO;Retiro Proveedor;DEVOLUCION DE ELA;Mercado_Juan;Camion710_LNY664;5.5 metros;Agendado;14/9/2026 11:10;;06:00:00;14:30:00;;;NO
114;15/9/2026;14:15:00;Otro;MIXON CARGA VARIAS;JULIAN MAIDANA;ALI CHAIJALE;Obra - Entrega programada;CARGA DE MOLDES CON GENTE DE ANTOLIN;Mercado_Juan;Camion710_LNY664;6.5 metros;Finalizado OK;16/9/2026 08:01;;02:00:00;16:15:00;;;NO
130;15/9/2026;15:00:00;Otro;PROVEDORES VARIOS;VARIOS;ARUZA  AGUSTIN;Retiro Proveedor;RETIRAR DE CHAPA Y LLEVAR A MECA;Bertorello_Leonel;Pick up HILUX_HLN556;;Finalizado OK;16/9/2026 08:02;;01:00:00;16:00:00;;;NO
132;15/9/2026;14:45:00;Obra;BOEHLER CASTRO - DESARROLLO ELA                   ;ZONA OESTE DE LA CIUDAD - RIO CUARTO                 ;SANTIAGO BRUNO;Obra - Entrega urgente;ENTREGAR MECHA DE COPA 150 HILTI;Balmaceda_Luis;Pick up HILUX_HLN556;;Finalizado OK;16/9/2026 08:02;;02:00:00;16:45:00;;;NO
133;15/9/2026;15:15:00;Obra;BOEHLER CASTRO - LOTEO LOMA ALTA 3;ZONA OESTE DE LA CIUDAD - RIO CUARTO                 ;VENITEZ SERGIO;Otro;VER GRUPO ELETROGENO;Balmaceda_Luis;Pick up HILUX_HLN556;;Finalizado OK;16/9/2026 08:02;;02:00:00;17:15:00;;;NO
103;16/9/2026;08:30:00;Otro;CROATTO CORDON CUNETA;GIGENA;ALI CHAIJALE;Obra - Entrega programada;ENTREGA DE MATERIALES VARIOS;Mercado_Juan;Camion710_LNY664;5.5 metros;En Ejecución;16/9/2026 08:03;;03:00:00;11:30:00;;;NO
134;16/9/2026;09:45:00;Proveedor;TRANSPORTE IMPERIO;PRESIDENTE PERON CENTRO 145 - RIO CUARTO;MAURA RODRIGUEZ;Retiro Proveedor;RETIRAR SEPARADOR;Bertorello_Leonel;Pick up HILUX_HLN556;;Finalizado OK;16/9/2026 09:58;;01:00:00;10:45:00;;;NO
113;17/09/2026;12:30:00;Otro;ENCOFRADOS STANGUET;FRANCISCO MUÑIZ Y CHILE;JUAN PABLO GUTIRREZ;Retiro Proveedor;CARGA PARA PUEBLA;Mercado_Juan;Camion710_LNY664;5.5 metros;Agendado;14/9/2026 11:11;;03:00:00;15:30:00;;;NO
140;17/09/2026;10:00:00;Proveedor;SEGUTEX SRL;SARMIENTO 601 - RIO CUARTO;MARTINA ASTRADA;Cambio con Proveedor;CAMBIO DE CHOMBAS AZULES X GRISES;Bertorello_Leonel;Pick up HILUX_HLN556;;Agendado;16/9/2026 14:08;;02:00:00;12:00:00;;;NO
141;17/09/2026;10:30:00;Proveedor;DRAFT BORDADOS;MARIA OLGUIN 281 - RIO CUARTO;MARTINA ASTRADA;Otro;LLEVAR A BORDAR CHOMBAS ATTUS MIXON Y LUNARDI;Bertorello_Leonel;Pick up HILUX_HLN556;;Agendado;16/9/2026 14:09;;01:00:00;11:30:00;;;NO
144;17/09/2026;10:45:00;Proveedor;ESTACION DE SERVICIO YPF GALACTIC;AV SABATTINI 1802 - RIO CUARTO;rafael rodriguez;Retiro Proveedor;retirar nafta para deposito;Bertorello_Leonel;Pick up HILUX_HLN556;;Agendado;16/9/2026 15:44;;01:00:00;11:45:00;;;NO
129;16/9/2026;11:00:00;Proveedor;PRONE ELECTROILUMINACION;MAIPU 2336 - RIO CUARTO;JUAN PABLE GUTIERREZ;Retiro Proveedor;RETIRAR FALTANTE DE CAÑOS;Bertorello_Leonel;Pick up HILUX_HLN556;;Finalizado OK;16/9/2026 13:03;;01:00:00;12:00:00;;;NO
131;16/9/2026;09:30:00;Otro;PROVEDORES VARIOS;VARIOS;ARUZA  AGUSTIN;Retiro Proveedor;RETIRAR DE CHAPA Y LLEVAR A MECA;Bertorello_Leonel;Pick up HILUX_HLN556;;Finalizado OK;16/9/2026 13:04;;01:00:00;10:30:00;;;NO
136;16/9/2026;10:45:00;Otro;OBRAS VARIAS;ATTUS EMPRESA;JUAN PABLO AGUSTIN G SANTIAGO B;Obra - Entrega programada;SEPARADORES CAÑOS AW ;Bertorello_Leonel;Pick up HILUX_HLN556;;Finalizado OK;16/9/2026 13:04;;01:30:00;12:15:00;;;NO
145;17/09/2026;11:00:00;Obra;LUNARDI- PUEBLA TORRE 0 Y TORRE 1                 ;PALESTINA Y LUGONES - RIO CUARTO                 ;juan pablo gutirrez;Obra - Entrega programada;llevar 5 bolsas de cemento;Mercado_Juan;Camion710_LNY664;;Agendado;16/9/2026 15:46;;01:00:00;12:00:00;;;NO
147;17/09/2026;09:15:00;Obra;ING LUNARDI SRL- TORRE LÍNEA;VELEZ SARSFIELD 745/ 751 - RIO CUARTO                 ;eduardo coniglio;Obra - Entrega urgente;25 bol arena fina;Bertorello_Leonel;Pick up HILUX_HLN556;;Agendado;17/9/2026 08:09;;00:30:00;09:45:00;;;NO
111;18/09/2026;10:00:00;Otro;PROVEDORES VARIOS;VARIOS;AGUSTIN ARUZA;Retiro Proveedor;MATERIALES VARIOS PARA BOSCO;Mercado_Juan;Camion710_LNY664;;Agendado;14/9/2026 11:07;;03:00:00;13:00:00;;;NO
153;17/09/2026;15:45:00;Obra;ING LUNARDI SRL- TORRE LÍNEA;VELEZ SARSFIELD 745/ 751 - RIO CUARTO                 ;MERCADO JOSE;Obra - Entrega urgente;HIDROFUGO ;Bertorello_Leonel;Pick up HILUX_HLN556;;Agendado;17/9/2026 15:22;;01:00:00;16:45:00;;;NO
155;18/09/2026;08:45:00;Obra;BOEHLER CASTRO - DESARROLLO ELA                   ;ZONA OESTE DE LA CIUDAD - RIO CUARTO                 ;santiago bruno;Otro;retiro de vallas;Mercado_Juan;Camion710_LNY664;;Agendado;17/9/2026 17:01;;01:00:00;09:45:00;;;NO
118;16/9/2026;12:15:00;Proveedor;ARENA;RUTA NAC. 36 KM 696 - LOS CONDORES;DANIELA GENERO;Retiro Proveedor;BORDILLOS DE HORMIGON;Mercado_Juan;Camion710_LNY664;;Finalizado OK;16/9/2026 14:47;;03:00:00;15:15:00;;;NO
137;16/9/2026;14:30:00;Obra;BOEHLER CASTRO - LOTEO LOMA ALTA 3;ZONA OESTE DE LA CIUDAD - RIO CUARTO                 ;AGUSTINA GARCIA;Obra - Entrega programada;LLEVAR GRUPO  Y CANDADOS;Balmaceda_Luis;Pick up HILUX_HLN556;;Finalizado OK;16/9/2026 15:14;;02:00:00;16:30:00;;;NO
139;16/9/2026;14:15:00;Obra;RIVOIRA OSCAR - DEPOSITO URQUIZA                  ;URQUIZA 67 - RIO CUARTO                 ;AGUSTIN ARUZA;Otro;DEJAR PLEGADOS Y CARGAR CHAPAS ;Rodriguez_Rafael;Pick up HILUX_HLN556;;Finalizado OK;16/9/2026 15:14;;01:00:00;15:15:00;;;NO
142;16/9/2026;16:15:00;Otro;fabrica de modulos;colectora oste;RODRIGO VILLAREAL;Otro;DESCARGA DE BORDILLOS DE HORMIGON;Mercado_Juan;Camion710_LNY664;;Finalizado OK;16/9/2026 15:14;;01:00:00;17:15:00;;;NO
143;16/9/2026;16:30:00;Otro;MIXON CERCO;JULIAN MAIDANA;EMANUEL PERUCHIN;Otro;DEJAR ACOPLADO  6 MT ;Mercado_Juan;Camion710_LNY664;;Finalizado OK;16/9/2026 15:14;;01:00:00;17:30:00;;;NO
140;17/9/2026;10:00:00;Proveedor;SEGUTEX SRL;SARMIENTO 601 - RIO CUARTO;MARTINA ASTRADA;Cambio con Proveedor;CAMBIO DE CHOMBAS AZULES X GRISES;Bertorello_Leonel;Pick up HILUX_HLN556;;Finalizado OK;16/9/2026 15:37;;02:00:00;12:00:00;;;NO
141;17/9/2026;10:30:00;Proveedor;DRAFT BORDADOS;MARIA OLGUIN 281 - RIO CUARTO;MARTINA ASTRADA;Otro;LLEVAR A BORDAR CHOMBAS ATTUS MIXON Y LUNARDI;Bertorello_Leonel;Pick up HILUX_HLN556;;Finalizado OK;16/9/2026 15:37;;01:00:00;11:30:00;;;NO
138;16/9/2026;15:45:00;Obra;LUNARDI- PUEBLA TORRE 0 Y TORRE 1                 ;PALESTINA Y LUGONES - RIO CUARTO                 ;JUAN PABLO GUTIERREZ;Obra - Entrega programada;LLEVAR CAÑO FALTANTE  DE PRONEX;Bertorello_Leonel;Pick up KANGOO_JJY978;;Finalizado OK;16/9/2026 15:37;;01:00:00;16:45:00;;;NO
156;18/09/2026;08:45:00;Obra;BOEHLER CASTRO - DESARROLLO ELA                   ;ZONA OESTE DE LA CIUDAD - RIO CUARTO                 ;santiago bruno;Otro;stanguet;Balmaceda_Luis;Ford350_VXJ313;;Agendado;17/9/2026 17:02;;01:00:00;09:45:00;;;NO
146;18/09/2026;09:45:00;Otro;MIXON CERCO;JULIAN MAIDANA;rafael rodriguz;Otro;hacer lugar en cerco para descarga vigas;Mercado_Juan;Pick up HILUX_HLN556;;Agendado;16/9/2026 15:50;;02:00:00;11:45:00;;;NO
152;18/09/2026;10:45:00;Obra;LUNARDI- PUEBLA TORRE 0 Y TORRE 1                 ;PALESTINA Y LUGONES - RIO CUARTO                 ;juan pablo gutierrez;Otro;llevar deseconfrate y 5 bol cemento;Mercado_Juan;Camion710_LNY664;;Agendado;17/9/2026 14:57;;01:00:00;11:45:00;;;NO
149;18/09/2026;14:00:00;Otro;OBRAS VARIAS;ATTUS EMPRESA;emanuel peruchin;Otro;retirar heladeras ponzo;Bertorello_Leonel;Pick up HILUX_HLN556;;Agendado;17/9/2026 11:05;;01:00:00;15:00:00;;;NO
150;18/09/2026;15:30:00;Otro;LAVADO DE FLOTA;ATTUS EMPRESA;emanuel peruchin;Otro;lavar camiom mb 710 y toyota hilux;Mercado_Juan;Camion710_LNY664;;Agendado;17/9/2026 12:09;;02:00:00;17:30:00;;;NO
111;18/9/2026;10:00:00;Otro;PROVEDORES VARIOS;VARIOS;AGUSTIN ARUZA;Retiro Proveedor;MATERIALES VARIOS PARA BOSCO;Mercado_Juan;Camion710_LNY664;;Finalizado OK;17/9/2026 11:03;;03:00:00;13:00:00;;;NO
110;21/09/2026;08:30:00;Obra;BOSCO HORACIO - TAMBO SAMPACHO                    ;RIVADAVIA 895 - SAMPACHO                             ;AGUSTIN ARUZA;Obra - Entrega programada;ENTREGA DE MATERIALES VARIOS;Mercado_Juan;Camion710_LNY664;;Agendado;14/9/2026 11:05;;03:00:00;11:30:00;;;NO
144;17/9/2026;10:45:00;Proveedor;ESTACION DE SERVICIO YPF GALACTIC;AV SABATTINI 1802 - RIO CUARTO;rafael rodriguez;Retiro Proveedor;retirar nafta para deposito;Bertorello_Leonel;Pick up HILUX_HLN556;;Finalizado OK;17/9/2026 12:05;;01:00:00;11:45:00;;;NO
147;17/9/2026;09:15:00;Obra;ING LUNARDI SRL- TORRE LÍNEA;VELEZ SARSFIELD 745/ 751 - RIO CUARTO                 ;eduardo coniglio;Obra - Entrega urgente;25 bol arena fina;Bertorello_Leonel;Pick up HILUX_HLN556;;Finalizado OK;17/9/2026 12:05;;00:30:00;09:45:00;;;NO
135;21/09/2026;10:00:00;Obra;BOEHLER CASTRO - LOTEO LOMA ALTA 3;ZONA OESTE DE LA CIUDAD - RIO CUARTO                 ;AGUSTIN GARCIA;Obra - Entrega programada;ENTREGA DE MATERIALES VARIOS PED17216;Mercado_Juan;Camion710_LNY664;;Agendado;16/9/2026 10:00;;01:00:00;11:00:00;;;NO
151;21/09/2026;11:15:00;Otro;MIXON CARGA VARIAS;JULIAN MAIDANA;agustin aruza;Otro;cargar 360 ladrillos blox de 20 visto;Mercado_Juan;Camion710_LNY664;;Agendado;17/9/2026 12:27;;02:00:00;13:15:00;;;NO
159;21/09/2026;11:15:00;Proveedor;SUAREZ MATIAS JAVIER;JUAN JOSE VALLE 100 - LAS HIGUERAS;ABEL VILLAGRA;Obra - Entrega urgente;RETIRAR TAPAS JUNTAS;Bertorello_Leonel;Pick up HILUX_HLN556;;Agendado;21/9/2026 11:20;;01:30:00;12:45:00;;;NO
145;17/9/2026;11:00:00;Obra;LUNARDI- PUEBLA TORRE 0 Y TORRE 1                 ;PALESTINA Y LUGONES - RIO CUARTO                 ;juan pablo gutirrez;Obra - Entrega programada;llevar 5 bolsas de cemento;Mercado_Juan;Camion710_LNY664;;Finalizado OK;17/9/2026 14:58;;01:00:00;12:00:00;;;NO
148;22/09/2026;08:15:00;Obra;BOSCO HORACIO - TAMBO SAMPACHO                    ;RIVADAVIA 895 - SAMPACHO                             ;agustin aruza;Obra - Entrega programada;entrega varias de material;Mercado_Juan;Camion710_LNY664;6.5 metros;Agendado;17/9/2026 09:06;;03:00:00;11:15:00;;;NO
154;17/09/2026;16:00:00;Obra;TODO CAMPO SRL-DEPOSITO AGROQUIMICOS Y SEMILLAS   ;RUTA N°35 - KM 529 - HUINCA RENANCO                       ;ali chaijale;;;;;;Agendado;17/9/2026 15:59;;01:00:00;17:00:00;;;NO
154;17/9/2026;16:00:00;Obra;TODO CAMPO SRL-DEPOSITO AGROQUIMICOS Y SEMILLAS   ;RUTA N°35 - KM 529 - HUINCA RENANCO                       ;ali chaijale;;;;;;Finalizado OK;17/9/2026 15:59;;01:00:00;17:00:00;;;NO
120;22/09/2026;08:30:00;Otro;TRASLADO  DE OBRA S;ELA A PUEBLA;JUAN PABLO GUTIERREZ;Otro;TRASLADO DE FENOLICOS VARIOS;Mercado_Juan;Camion710_LNY664;;Agendado;14/9/2026 16:27;;02:00:00;10:30:00;;;NO
158;22/09/2026;09:45:00;Otro;MIXON CERCO;JULIAN MAIDANA;RAFAEL RODRIGUEZ;Otro;LIMPIEZA DE CERCO;Rodriguez_Rafael;Pick up HILUX_HLN556;;Agendado;21/9/2026 09:20;;01:30:00;11:15:00;;;NO
153;17/9/2026;15:45:00;Obra;ING LUNARDI SRL- TORRE LÍNEA;VELEZ SARSFIELD 745/ 751 - RIO CUARTO                 ;MERCADO JOSE;Obra - Entrega urgente;HIDROFUGO ;Bertorello_Leonel;Pick up HILUX_HLN556;;Finalizado OK;17/9/2026 17:03;;01:00:00;16:45:00;;;NO
112;17/9/2026;08:30:00;Otro;ENCOFRADOS STANGUET;FRANCISCO MUÑIZ Y CHILE;SANTIAGO BRUNO;Retiro Proveedor;DEVOLUCION DE ELA;Mercado_Juan;Camion710_LNY664;5.5 metros;Finalizado OK;17/9/2026 17:03;;06:00:00;14:30:00;;;NO
113;17/9/2026;12:30:00;Otro;ENCOFRADOS STANGUET;FRANCISCO MUÑIZ Y CHILE;JUAN PABLO GUTIRREZ;Retiro Proveedor;CARGA PARA PUEBLA;Mercado_Juan;Camion710_LNY664;5.5 metros;Finalizado OK;17/9/2026 17:03;;03:00:00;15:30:00;;;NO
157;23/09/2026;08:00:00;Otro;LIMPIEZA DE GALPON BBARRIDO;CONCEJAL EIMENDI 447;EMMANUEL;Otro;HFGGJFH;Peruchin_Emanuel;Pick up HILUX_HLN556;;Agendado;18/9/2026 15:46;;01:30:00;09:30:00;;;NO
155;18/9/2026;08:45:00;Obra;BOEHLER CASTRO - DESARROLLO ELA                   ;ZONA OESTE DE LA CIUDAD - RIO CUARTO                 ;santiago bruno;Otro;retiro de vallas;Mercado_Juan;Camion710_LNY664;;Finalizado OK;18/9/2026 16:11;;01:00:00;09:45:00;;;NO
156;18/9/2026;08:45:00;Obra;BOEHLER CASTRO - DESARROLLO ELA                   ;ZONA OESTE DE LA CIUDAD - RIO CUARTO                 ;santiago bruno;Otro;stanguet;Balmaceda_Luis;Ford350_VXJ313;;Finalizado OK;18/9/2026 16:12;;01:00:00;09:45:00;;;NO
146;18/9/2026;09:45:00;Otro;MIXON CERCO;JULIAN MAIDANA;rafael rodriguz;Otro;hacer lugar en cerco para descarga vigas;Mercado_Juan;Pick up HILUX_HLN556;;Finalizado OK;18/9/2026 16:12;;02:00:00;11:45:00;;;NO
152;18/9/2026;10:45:00;Obra;LUNARDI- PUEBLA TORRE 0 Y TORRE 1                 ;PALESTINA Y LUGONES - RIO CUARTO                 ;juan pablo gutierrez;Otro;llevar deseconfrate y 5 bol cemento;Mercado_Juan;Camion710_LNY664;;Finalizado OK;18/9/2026 16:12;;01:00:00;11:45:00;;;NO
149;18/9/2026;14:00:00;Otro;OBRAS VARIAS;ATTUS EMPRESA;emanuel peruchin;Otro;retirar heladeras ponzo;Bertorello_Leonel;Pick up HILUX_HLN556;;Finalizado OK;18/9/2026 16:12;;01:00:00;15:00:00;;;NO
150;18/9/2026;15:30:00;Otro;LAVADO DE FLOTA;ATTUS EMPRESA;emanuel peruchin;Otro;lavar camiom mb 710 y toyota hilux;Mercado_Juan;Camion710_LNY664;;Finalizado OK;18/9/2026 16:12;;02:00:00;17:30:00;;;NO
157;23/9/2026;08:00:00;Otro;LIMPIEZA DE GALPON BBARRIDO;CONCEJAL EIMENDI 447;EMMANUEL;Otro;HFGGJFH;Peruchin_Emanuel;Pick up HILUX_HLN556;;Finalizado OK;21/9/2026 08:23;;01:30:00;09:30:00;;;NO
161;22/09/2026;14:00:00;Proveedor;SELLOS LUJAN;DEAN FUNES 40 - RIO CUARTO;MARTINA ASTRADA;Otro;LLEVAR ROPA A ESTAMPAR;Bertorello_Leonel;Pick up HILUX_HLN556;;Agendado;21/9/2026 16:27;;01:00:00;15:00:00;;;NO
162;22/09/2026;08:30:00;Obra;LUNARDI- PUEBLA TORRE 0 Y TORRE 1                 ;PALESTINA Y LUGONES - RIO CUARTO                 ;JUAN PABLO;Obra - Entrega programada;ENTREGAR HIERRO DEL 16 DE CERCO;Balmaceda_Luis;Ford350_VXJ313;;Agendado;21/9/2026 17:30;;03:00:00;11:30:00;;;NO
163;22/09/2026;09:30:00;Otro;PROVEDORES VARIOS;VARIOS;daniela genero;Retiro Proveedor;varios contrucion modular;Bertorello_Leonel;Pick up HILUX_HLN556;;Agendado;22/9/2026 08:04;;02:00:00;11:30:00;;;NO
160;24/09/2026;08:30:00;Obra;LUNARDI- PUEBLA TORRE 0 Y TORRE 1                 ;PALESTINA Y LUGONES - RIO CUARTO                 ;JUAN PABLO GUTIERREZ;Obra - Entrega programada;TRASLADO DE HIEERO DEL 16 ;Mercado_Juan;Ford350_VXJ313;;Agendado;21/9/2026 16:21;;01:30:00;10:00:00;;;NO
160;24/9/2026;08:30:00;Obra;LUNARDI- PUEBLA TORRE 0 Y TORRE 1                 ;PALESTINA Y LUGONES - RIO CUARTO                 ;JUAN PABLO GUTIERREZ;Obra - Entrega programada;TRASLADO DE HIEERO DEL 16 ;Mercado_Juan;Ford350_VXJ313;;Finalizado OK;21/9/2026 17:29;;01:30:00;10:00:00;;;NO
164;22/09/2026;09:45:00;Otro;PROVEDORES VARIOS;VARIOS;daniela genero;Retiro Proveedor;varios torre linea;Bertorello_Leonel;Pick up HILUX_HLN556;;Agendado;22/9/2026 08:04;;02:00:00;11:45:00;;;NO
110;21/9/2026;08:30:00;Obra;BOSCO HORACIO - TAMBO SAMPACHO                    ;RIVADAVIA 895 - SAMPACHO                             ;AGUSTIN ARUZA;Obra - Entrega programada;ENTREGA DE MATERIALES VARIOS;Mercado_Juan;Camion710_LNY664;;Finalizado OK;22/9/2026 07:59;;03:00:00;11:30:00;;;NO
135;21/9/2026;10:00:00;Obra;BOEHLER CASTRO - LOTEO LOMA ALTA 3;ZONA OESTE DE LA CIUDAD - RIO CUARTO                 ;AGUSTIN GARCIA;Obra - Entrega programada;ENTREGA DE MATERIALES VARIOS PED17216;Mercado_Juan;Camion710_LNY664;;Finalizado OK;22/9/2026 07:59;;01:00:00;11:00:00;;;NO
151;21/9/2026;11:15:00;Otro;MIXON CARGA VARIAS;JULIAN MAIDANA;agustin aruza;Otro;cargar 360 ladrillos blox de 20 visto;Mercado_Juan;Camion710_LNY664;;Finalizado OK;22/9/2026 07:59;;02:00:00;13:15:00;;;NO
151;21/9/2026;11:15:00;Otro;MIXON CARGA VARIAS;JULIAN MAIDANA;agustin aruza;Otro;cargar 360 ladrillos blox de 20 visto;Mercado_Juan;Camion710_LNY664;;Finalizado OK;22/9/2026 07:59;;02:00:00;13:15:00;;;NO
159;21/9/2026;11:15:00;Proveedor;SUAREZ MATIAS JAVIER;JUAN JOSE VALLE 100 - LAS HIGUERAS;ABEL VILLAGRA;Obra - Entrega urgente;RETIRAR TAPAS JUNTAS;Bertorello_Leonel;Pick up HILUX_HLN556;;Finalizado OK;22/9/2026 07:59;;01:30:00;12:45:00;;;NO
120;22/9/2026;08:30:00;Otro;TRASLADO  DE OBRA S;ELA A PUEBLA;JUAN PABLO GUTIERREZ;Otro;TRASLADO DE FENOLICOS VARIOS;Mercado_Juan;Camion710_LNY664;;Finalizado OK;22/9/2026 07:59;;02:00:00;10:30:00;;;NO
167;22/09/2026;14:00:00;Proveedor;ROBERTO GENTILE;SAN MARTIN 2140 - RIO CUARTO;MAURA RODRIGUEZ;Obra - Entrega programada;RETIRAR PLACAS DURLOX;Mercado_Juan;Camion710_LNY664;;Agendado;22/9/2026 10:01;;01:00:00;15:00:00;;;NO
161;22/9/2026;14:00:00;Proveedor;SELLOS LUJAN;DEAN FUNES 40 - RIO CUARTO;MARTINA ASTRADA;Otro;LLEVAR ROPA A ESTAMPAR;Bertorello_Leonel;Pick up HILUX_HLN556;;En Ejecución;22/9/2026 12:51;;01:00:00;15:00:00;;;NO
163;22/9/2026;09:30:00;Otro;PROVEDORES VARIOS;VARIOS;daniela genero;Retiro Proveedor;varios contrucion modular;Bertorello_Leonel;Pick up HILUX_HLN556;;En Ejecución;22/9/2026 12:52;;02:00:00;11:30:00;;;NO
122;23/09/2026;08:30:00;Otro;TRASLADO DE ELA A DEP Y MIXON;DEPOS ITO Y MIXON;SANTIAGO BRUNO;Otro;CARGAR EFCO Y TRAER AL DEPOSITO Y A CERCO MIXON;Mercado_Juan;Camion710_LNY664;;Agendado;15/9/2026 10:58;;06:00:00;14:30:00;;;NO
123;23/09/2026;08:30:00;Otro;TRASLADO DE ELA A DEP Y MIXON;DEPOS ITO Y MIXON;SANTIAGO BRUNO;Otro;CARGAR EFCO Y TRAER AL DEPOSITO Y A CERCO MIXON;Balmaceda_Luis;Ford350_VXJ313;;Agendado;15/9/2026 10:59;;06:00:00;14:30:00;;;NO
168;23/09/2026;10:00:00;Obra;BOEHLER CASTRO - LOTEO LOMA ALTA 3;ZONA OESTE DE LA CIUDAD - RIO CUARTO                 ;AGYASTIN GARCIA;Obra - Entrega programada;RETIRAR REGLAS DE ELA Y LLEVARLAS A LOMA ALTA;Bertorello_Leonel;Pick_up_HILUX_HLN556;;Agendado;22/9/2026 11:38;;01:30:00;11:30:00;;;NO
148;22/9/2026;08:15:00;Obra;BOSCO HORACIO - TAMBO SAMPACHO                    ;RIVADAVIA 895 - SAMPACHO                             ;agustin aruza;Obra - Entrega programada;entrega varias de material;Mercado_Juan;Camion710_LNY664;6.5 metros;En Ejecución;22/9/2026 11:39;;03:00:00;11:15:00;;;NO
162;22/9/2026;08:30:00;Obra;LUNARDI- PUEBLA TORRE 0 Y TORRE 1                 ;PALESTINA Y LUGONES - RIO CUARTO                 ;JUAN PABLO;Obra - Entrega programada;ENTREGAR HIERRO DEL 16 DE CERCO;Balmaceda_Luis;Ford350_VXJ313;;En Ejecución;22/9/2026 11:39;;03:00:00;11:30:00;;;NO
170;23/09/2026;14:15:00;Proveedor;SELLOS LUJAN;DEAN FUNES 40 - RIO CUARTO;martina astrada;Obra - Entrega programada;llevar indumentaria a estampar;Bertorello_Leonel;Pick_up_HILUX_HLN556;;Agendado;23/9/2026 07:52;;01:00:00;15:15:00;;;NO
171;23/09/2026;10:15:00;Otro;PROVEDORES VARIOS;VARIOS;daniela genero;Otro;retiro de materiales modulos;Bertorello_Leonel;Pick_up_HILUX_HLN556;;Agendado;23/9/2026 07:54;;01:00:00;11:15:00;;;NO
172;23/09/2026;09:45:00;Otro;PROVEDORES VARIOS;VARIOS;daniela genero;Otro;retiro de materiales torre linea;Bertorello_Leonel;Pick_up_HILUX_HLN556;;Agendado;23/9/2026 07:55;;02:00:00;11:45:00;;;NO
167;22/9/2026;14:00:00;Proveedor;ROBERTO GENTILE;SAN MARTIN 2140 - RIO CUARTO;MAURA RODRIGUEZ;Obra - Entrega programada;RETIRAR PLACAS DURLOX;Mercado_Juan;Camion710_LNY664;;Finalizado OK;23/9/2026 07:50;;01:00:00;15:00:00;;;NO
161;22/9/2026;14:00:00;Proveedor;SELLOS LUJAN;DEAN FUNES 40 - RIO CUARTO;MARTINA ASTRADA;Otro;LLEVAR ROPA A ESTAMPAR;Bertorello_Leonel;Pick up HILUX_HLN556;;Finalizado OK;23/9/2026 07:50;;01:00:00;15:00:00;;;NO
164;22/9/2026;09:45:00;Otro;PROVEDORES VARIOS;VARIOS;daniela genero;Retiro Proveedor;varios torre linea;Bertorello_Leonel;Pick up HILUX_HLN556;;Finalizado OK;23/9/2026 07:51;;02:00:00;11:45:00;;;NO
158;22/9/2026;09:45:00;Otro;MIXON CERCO;JULIAN MAIDANA;RAFAEL RODRIGUEZ;Otro;LIMPIEZA DE CERCO;Rodriguez_Rafael;Pick up HILUX_HLN556;;Finalizado OK;23/9/2026 07:51;;01:30:00;11:15:00;;;NO
163;22/9/2026;09:30:00;Otro;PROVEDORES VARIOS;VARIOS;daniela genero;Retiro Proveedor;varios contrucion modular;Bertorello_Leonel;Pick up HILUX_HLN556;;Finalizado OK;23/9/2026 07:51;;02:00:00;11:30:00;;;NO
173;23/09/2026;08:45:00;Otro;TRASLADO DE OBRAS ;DE ELA A LOMA ALTA;daniela genero;Otro;TRASLADO DE REGLAS A LOMA ALTA DE ELA;Bertorello_Leonel;Pick_up_HILUX_HLN556;;Agendado;23/9/2026 07:58;;02:00:00;10:45:00;;;NO
174;23/09/2026;11:00:00;Otro;TRASLADO DE OBRAS ;;juan pablo gutierrez;Obra - Entrega programada;hiierrros de ela a puebla;Bertorello_Leonel;Pick_up_HILUX_HLN556;;Agendado;23/9/2026 08:03;;02:00:00;13:00:00;;;NO
165;24/09/2026;08:45:00;Obra;CROATTO - CORDON CUNETA                           ;RUTA NAC 36 KM 644 - RIO CUARTO                           ;maura rodriguez;Obra - Entrega programada;entrega en obra;Mercado_Juan;Camion710_LNY664;;Agendado;22/9/2026 08:44;;02:00:00;10:45:00;;;NO
176;24/09/2026;10:15:00;Obra;BOEHLER CASTRO - LOTEO LOMA ALTA 3;;AGUSTIN GARCIA;Obra - Entrega programada;Entrega de tablero y materiales;Bertorello_Leonel;Pick_up_HILUX_HLN556;;Agendado;23/9/2026 14:17;;01:00:00;11:15:00;;;NO
179;24/09/2026;10:30:00;Obra;ING LUNARDI SRL- TORRE LÍNEA;VELEZ SARSFIELD 745/ 751 - RIO CUARTO                 ;ABEL VILLAGRA;Retiro Proveedor;RETIRAR CAÑOS EPOXI DE TSUJI PINTURA;Bertorello_Leonel;Pick_up_HILUX_HLN556;;Agendado;23/9/2026 17:21;;01:00:00;11:30:00;;;SI
165;24/9/2026;08:45:00;Obra;CROATTO - CORDON CUNETA                           ;RUTA NAC 36 KM 644 - RIO CUARTO                           ;maura rodriguez;Obra - Entrega programada;entrega en obra;Mercado_Juan;Camion710_LNY664;;En Ejecución;24/9/2026 09:08;;02:00:00;10:45:00;;;SI
176;24/9/2026;10:15:00;Obra;BOEHLER CASTRO - LOTEO LOMA ALTA 3;ZONA OESTE DE LA CIUDAD - RIO CUARTO                 ;AGUSTIN GARCIA;Obra - Entrega programada;Entrega de tablero y materiales;Bertorello_Leonel;Pick_up_HILUX_HLN556;;En Ejecución;24/9/2026 09:38;;01:00:00;11:15:00;;;SI
174;23/9/2026;11:00:00;Otro;TRASLADO DE OBRAS ;;juan pablo gutierrez;Obra - Entrega programada;hiierrros de ela a puebla;Bertorello_Leonel;Pick_up_HILUX_HLN556;;Finalizado OK;23/9/2026 14:18;;02:00:00;13:00:00;;;NO
168;23/9/2026;10:00:00;Obra;BOEHLER CASTRO - LOTEO LOMA ALTA 3;ZONA OESTE DE LA CIUDAD - RIO CUARTO                 ;AGYASTIN GARCIA;Obra - Entrega programada;RETIRAR REGLAS DE ELA Y LLEVARLAS A LOMA ALTA;Bertorello_Leonel;Pick_up_HILUX_HLN556;;Finalizado OK;23/9/2026 14:19;;01:30:00;11:30:00;;;NO
122;23/9/2026;08:30:00;Otro;TRASLADO DE ELA A DEP Y MIXON;DEPOS ITO Y MIXON;SANTIAGO BRUNO;Otro;CARGAR EFCO Y TRAER AL DEPOSITO Y A CERCO MIXON;Mercado_Juan;Camion710_LNY664;;Finalizado OK;23/9/2026 16:48;;06:00:00;14:30:00;;;NO
122;23/9/2026;08:30:00;Otro;TRASLADO DE ELA A DEP Y MIXON;DEPOS ITO Y MIXON;SANTIAGO BRUNO;Otro;CARGAR EFCO Y TRAER AL DEPOSITO Y A CERCO MIXON;Mercado_Juan;Camion710_LNY664;;Finalizado OK;23/9/2026 16:48;;06:00:00;14:30:00;;;NO
123;23/9/2026;08:30:00;Otro;TRASLADO DE ELA A DEP Y MIXON;DEPOS ITO Y MIXON;SANTIAGO BRUNO;Otro;CARGAR EFCO Y TRAER AL DEPOSITO Y A CERCO MIXON;Balmaceda_Luis;Ford350_VXJ313;;Finalizado OK;23/9/2026 16:49;;06:00:00;14:30:00;;;NO
170;23/9/2026;14:15:00;Proveedor;SELLOS LUJAN;DEAN FUNES 40 - RIO CUARTO;martina astrada;Obra - Entrega programada;llevar indumentaria a estampar;Bertorello_Leonel;Pick_up_HILUX_HLN556;;Finalizado OK;23/9/2026 16:49;;01:00:00;15:15:00;;;NO
173;23/9/2026;08:45:00;Otro;TRASLADO DE OBRAS ;DE ELA A LOMA ALTA;daniela genero;Otro;TRASLADO DE REGLAS A LOMA ALTA DE ELA;Bertorello_Leonel;Pick_up_HILUX_HLN556;;Finalizado OK;23/9/2026 16:49;;02:00:00;10:45:00;;;NO
166;25/09/2026;08:45:00;Obra;RIVOIRA OSCAR - DEPOSITO URQUIZA                  ;URQUIZA 67 - RIO CUARTO                 ;AGUSTIN ARUZA;Obra - Entrega programada;RETIRAR MATERIALES DE DU PARA RIVOIRA;Mercado_Juan;Camion710_LNY664;;Agendado;22/9/2026 09:50;;01:00:00;09:45:00;;;SI
177;25/09/2026;14:30:00;Proveedor;BRESSAN REPUESTOS;ALBERDI 998 ESQ BOLIVAR;JOSE MERCADO;Retiro Proveedor;RETIRAR VALVULAS TERMO TANQUE;Rodriguez_Rafael;Pick up KANGOO_JJY978;;Agendado;23/9/2026 16:55;;00:30:00;15:00:00;;;SI
175;28/09/2026;10:15:00;Obra;BOEHLER CASTRO - LOTEO LOMA ALTA 3;ZONA OESTE DE LA CIUDAD - RIO CUARTO                 ;AGUSTIN GARCIA;Obra - Entrega programada;ENTREGAR CUARZO;Balmaceda_Luis;Ford350_VXJ313;;Agendado;23/9/2026 10:53;;02:00:00;12:15:00;;;SI
172;23/9/2026;09:45:00;Otro;PROVEDORES VARIOS;VARIOS;daniela genero;Otro;retiro de materiales torre linea;Bertorello_Leonel;Pick_up_HILUX_HLN556;;Finalizado OK;23/9/2026 17:24;;02:00:00;11:45:00;;;NO
171;23/9/2026;10:15:00;Otro;PROVEDORES VARIOS;VARIOS;daniela genero;Otro;retiro de materiales modulos;Bertorello_Leonel;Pick_up_HILUX_HLN556;;Finalizado OK;23/9/2026 17:24;;01:00:00;11:15:00;;;NO
178;01/10/2026;10:30:00;Obra;ING LUNARDI SRL- TORRE LÍNEA;VELEZ SARSFIELD 745/ 751 - RIO CUARTO                 ;ABEL VILLAGRA;Obra - Entrega programada;ENTREGAR ACENSOR COMPLETO;Mercado_Juan;Camion710_LNY664;;Agendado;23/9/2026 17:00;;01:00:00;11:30:00;;;SI
169;28/9/2026;08:15:01;Obra;ING LUNARDI SRL- TORRE LÍNEA;VELEZ SARSFIELD 745/ 751 - RIO CUARTO                 ;eduardo coniglio;Obra - Entrega programada;dejar carro largo;Mercado_Juan;Camion710_LNY664;5.5 metros;Agendado;22/9/2026 12:22;;02:00:00;10:15:01;;;SI
;;;;;;;;;;;;;;;;;;;
;;;;;;;;;;;;;;;;;;;
;;;;;;;;;;;;;;;;;;;
;;;;;;;;;;;;;;;;;;;
;;;;;;;;;;;;;;;;;;;
;;;;;;;;;;;;;;;;;;;
;;;;;;;;;;;;;;;;;;;
;;;;;;;;;;;;;;;;;;;
;;;;;;;;;;;;;;;;;;;
;;;;;;;;;;;;;;;;;;;
;;;;;;;;;;;;;;;;;;;
;;;;;;;;;;;;;;;;;;;
;;;;;;;;;;;;;;;;;;;
;;;;;;;;;;;;;;;;;;;
;;;;;;;;;;;;;;;;;;;
;;;;;;;;;;;;;;;;;;;
;;;;;;;;;;;;;;;;;;;
;;;;;;;;;;;;;;;;;;;
;;;;;;;;;;;;;;;;;;;
;;;;;;;;;;;;;;;;;;;
;;;;;;;;;;;;;;;;;;;
;;;;;;;;;;;;;;;;;;;
;;;;;;;;;;;;;;;;;;;
;;;;;;;;;;;;;;;;;;;
;;;;;;;;;;;;;;;;;;;
;;;;;;;;;;;;;;;;;;;
;;;;;;;;;;;;;;;;;;;
;;;;;;;;;;;;;;;;;;;
;;;;;;;;;;;;;;;;;;;
;;;;;;;;;;;;;;;;;;;
;;;;;;;;;;;;;;;;;;;
;;;;;;;;;;;;;;;;;;;
;;;;;;;;;;;;;;;;;;;
;;;;;;;;;;;;;;;;;;;
;;;;;;;;;;;;;;;;;;;
;;;;;;;;;;;;;;;;;;;
;;;;;;;;;;;;;;;;;;;
;;;;;;;;;;;;;;;;;;;
;;;;;;;;;;;;;;;;;;;
;;;;;;;;;;;;;;;;;;;
;;;;;;;;;;;;;;;;;;;
;;;;;;;;;;;;;;;;;;;
;;;;;;;;;;;;;;;;;;;
;;;;;;;;;;;;;;;;;;;
;;;;;;;;;;;;;;;;;;;
;;;;;;;;;;;;;;;;;;;
;;;;;;;;;;;;;;;;;;;
;;;;;;;;;;;;;;;;;;;
;;;;;;;;;;;;;;;;;;;
;;;;;;;;;;;;;;;;;;;
;;;;;;;;;;;;;;;;;;;
;;;;;;;;;;;;;;;;;;;
;;;;;;;;;;;;;;;;;;;
;;;;;;;;;;;;;;;;;;;
;;;;;;;;;;;;;;;;;;;
;;;;;;;;;;;;;;;;;;;
;;;;;;;;;;;;;;;;;;;
;;;;;;;;;;;;;;;;;;;
;;;;;;;;;;;;;;;;;;;
;;;;;;;;;;;;;;;;;;;
;;;;;;;;;;;;;;;;;;;
;;;;;;;;;;;;;;;;;;;
;;;;;;;;;;;;;;;;;;;
;;;;;;;;;;;;;;;;;;;
;;;;;;;;;;;;;;;;;;;
;;;;;;;;;;;;;;;;;;;
;;;;;;;;;;;;;;;;;;;
;;;;;;;;;;;;;;;;;;;
;;;;;;;;;;;;;;;;;;;
;;;;;;;;;;;;;;;;;;;
;;;;;;;;;;;;;;;;;;;
;;;;;;;;;;;;;;;;;;;
;;;;;;;;;;;;;;;;;;;
;;;;;;;;;;;;;;;;;;;
;;;;;;;;;;;;;;;;;;;
;;;;;;;;;;;;;;;;;;;
;;;;;;;;;;;;;;;;;;;
;;;;;;;;;;;;;;;;;;;
;;;;;;;;;;;;;;;;;;;
;;;;;;;;;;;;;;;;;;;
;;;;;;;;;;;;;;;;;;;
;;;;;;;;;;;;;;;;;;;
;;;;;;;;;;;;;;;;;;;
;;;;;;;;;;;;;;;;;;;
;;;;;;;;;;;;;;;;;;;
;;;;;;;;;;;;;;;;;;;
;;;;;;;;;;;;;;;;;;;
;;;;;;;;;;;;;;;;;;;
;;;;;;;;;;;;;;;;;;;
;;;;;;;;;;;;;;;;;;;
;;;;;;;;;;;;;;;;;;;
;;;;;;;;;;;;;;;;;;;
;;;;;;;;;;;;;;;;;;;
;;;;;;;;;;;;;;;;;;;
;;;;;;;;;;;;;;;;;;;
;;;;;;;;;;;;;;;;;;;
;;;;;;;;;;;;;;;;;;;
;;;;;;;;;;;;;;;;;;;
;;;;;;;;;;;;;;;;;;;
;;;;;;;;;;;;;;;;;;;
;;;;;;;;;;;;;;;;;;;
;;;;;;;;;;;;;;;;;;;
;;;;;;;;;;;;;;;;;;;
;;;;;;;;;;;;;;;;;;;
;;;;;;;;;;;;;;;;;;;
;;;;;;;;;;;;;;;;;;;
;;;;;;;;;;;;;;;;;;;
;;;;;;;;;;;;;;;;;;;
;;;;;;;;;;;;;;;;;;;
;;;;;;;;;;;;;;;;;;;
;;;;;;;;;;;;;;;;;;;
;;;;;;;;;;;;;;;;;;;
;;;;;;;;;;;;;;;;;;;
;;;;;;;;;;;;;;;;;;;
;;;;;;;;;;;;;;;;;;;
;;;;;;;;;;;;;;;;;;;
;;;;;;;;;;;;;;;;;;;
;;;;;;;;;;;;;;;;;;;
;;;;;;;;;;;;;;;;;;;
;;;;;;;;;;;;;;;;;;;
;;;;;;;;;;;;;;;;;;;
;;;;;;;;;;;;;;;;;;;
;;;;;;;;;;;;;;;;;;;
;;;;;;;;;;;;;;;;;;;
;;;;;;;;;;;;;;;;;;;
;;;;;;;;;;;;;;;;;;;
;;;;;;;;;;;;;;;;;;;
;;;;;;;;;;;;;;;;;;;
;;;;;;;;;;;;;;;;;;;
;;;;;;;;;;;;;;;;;;;
;;;;;;;;;;;;;;;;;;;
;;;;;;;;;;;;;;;;;;;
;;;;;;;;;;;;;;;;;;;
;;;;;;;;;;;;;;;;;;;
;;;;;;;;;;;;;;;;;;;
;;;;;;;;;;;;;;;;;;;
;;;;;;;;;;;;;;;;;;;
;;;;;;;;;;;;;;;;;;;
;;;;;;;;;;;;;;;;;;;
;;;;;;;;;;;;;;;;;;;
;;;;;;;;;;;;;;;;;;;
;;;;;;;;;;;;;;;;;;;
;;;;;;;;;;;;;;;;;;;
;;;;;;;;;;;;;;;;;;;
;;;;;;;;;;;;;;;;;;;
;;;;;;;;;;;;;;;;;;;
;;;;;;;;;;;;;;;;;;;
;;;;;;;;;;;;;;;;;;;
;;;;;;;;;;;;;;;;;;;
;;;;;;;;;;;;;;;;;;;
;;;;;;;;;;;;;;;;;;;
;;;;;;;;;;;;;;;;;;;
;;;;;;;;;;;;;;;;;;;
;;;;;;;;;;;;;;;;;;;
;;;;;;;;;;;;;;;;;;;
;;;;;;;;;;;;;;;;;;;
;;;;;;;;;;;;;;;;;;;
;;;;;;;;;;;;;;;;;;;
;;;;;;;;;;;;;;;;;;;
;;;;;;;;;;;;;;;;;;;
;;;;;;;;;;;;;;;;;;;
;;;;;;;;;;;;;;;;;;;
;;;;;;;;;;;;;;;;;;;
;;;;;;;;;;;;;;;;;;;
;;;;;;;;;;;;;;;;;;;
;;;;;;;;;;;;;;;;;;;
;;;;;;;;;;;;;;;;;;;
;;;;;;;;;;;;;;;;;;;
;;;;;;;;;;;;;;;;;;;
;;;;;;;;;;;;;;;;;;;
;;;;;;;;;;;;;;;;;;;
;;;;;;;;;;;;;;;;;;;
;;;;;;;;;;;;;;;;;;;
;;;;;;;;;;;;;;;;;;;
;;;;;;;;;;;;;;;;;;;
;;;;;;;;;;;;;;;;;;;
;;;;;;;;;;;;;;;;;;;
;;;;;;;;;;;;;;;;;;;
;;;;;;;;;;;;;;;;;;;
;;;;;;;;;;;;;;;;;;;
;;;;;;;;;;;;;;;;;;;
;;;;;;;;;;;;;;;;;;;
;;;;;;;;;;;;;;;;;;;
;;;;;;;;;;;;;;;;;;;
;;;;;;;;;;;;;;;;;;;
;;;;;;;;;;;;;;;;;;;
;;;;;;;;;;;;;;;;;;;
;;;;;;;;;;;;;;;;;;;
;;;;;;;;;;;;;;;;;;;
;;;;;;;;;;;;;;;;;;;
;;;;;;;;;;;;;;;;;;;
;;;;;;;;;;;;;;;;;;;
;;;;;;;;;;;;;;;;;;;
;;;;;;;;;;;;;;;;;;;
;;;;;;;;;;;;;;;;;;;
;;;;;;;;;;;;;;;;;;;
;;;;;;;;;;;;;;;;;;;
;;;;;;;;;;;;;;;;;;;
;;;;;;;;;;;;;;;;;;;
;;;;;;;;;;;;;;;;;;;
;;;;;;;;;;;;;;;;;;;
;;;;;;;;;;;;;;;;;;;
;;;;;;;;;;;;;;;;;;;
;;;;;;;;;;;;;;;;;;;
;;;;;;;;;;;;;;;;;;;
;;;;;;;;;;;;;;;;;;;
;;;;;;;;;;;;;;;;;;;
;;;;;;;;;;;;;;;;;;;
;;;;;;;;;;;;;;;;;;;
;;;;;;;;;;;;;;;;;;;
;;;;;;;;;;;;;;;;;;;
;;;;;;;;;;;;;;;;;;;
;;;;;;;;;;;;;;;;;;;
;;;;;;;;;;;;;;;;;;;
;;;;;;;;;;;;;;;;;;;
;;;;;;;;;;;;;;;;;;;
;;;;;;;;;;;;;;;;;;;
;;;;;;;;;;;;;;;;;;;
;;;;;;;;;;;;;;;;;;;
;;;;;;;;;;;;;;;;;;;
;;;;;;;;;;;;;;;;;;;
;;;;;;;;;;;;;;;;;;;
;;;;;;;;;;;;;;;;;;;
;;;;;;;;;;;;;;;;;;;
;;;;;;;;;;;;;;;;;;;
;;;;;;;;;;;;;;;;;;;
;;;;;;;;;;;;;;;;;;;
;;;;;;;;;;;;;;;;;;;
;;;;;;;;;;;;;;;;;;;
;;;;;;;;;;;;;;;;;;;
;;;;;;;;;;;;;;;;;;;
;;;;;;;;;;;;;;;;;;;
;;;;;;;;;;;;;;;;;;;
;;;;;;;;;;;;;;;;;;;
;;;;;;;;;;;;;;;;;;;
;;;;;;;;;;;;;;;;;;;
;;;;;;;;;;;;;;;;;;;
;;;;;;;;;;;;;;;;;;;
;;;;;;;;;;;;;;;;;;;
;;;;;;;;;;;;;;;;;;;
;;;;;;;;;;;;;;;;;;;
;;;;;;;;;;;;;;;;;;;
;;;;;;;;;;;;;;;;;;;
;;;;;;;;;;;;;;;;;;;
;;;;;;;;;;;;;;;;;;;
;;;;;;;;;;;;;;;;;;;
;;;;;;;;;;;;;;;;;;;
;;;;;;;;;;;;;;;;;;;
;;;;;;;;;;;;;;;;;;;
;;;;;;;;;;;;;;;;;;;
;;;;;;;;;;;;;;;;;;;
;;;;;;;;;;;;;;;;;;;
;;;;;;;;;;;;;;;;;;;
;;;;;;;;;;;;;;;;;;;
;;;;;;;;;;;;;;;;;;;
;;;;;;;;;;;;;;;;;;;
;;;;;;;;;;;;;;;;;;;
;;;;;;;;;;;;;;;;;;;
;;;;;;;;;;;;;;;;;;;
;;;;;;;;;;;;;;;;;;;
;;;;;;;;;;;;;;;;;;;
;;;;;;;;;;;;;;;;;;;
;;;;;;;;;;;;;;;;;;;
;;;;;;;;;;;;;;;;;;;
;;;;;;;;;;;;;;;;;;;
;;;;;;;;;;;;;;;;;;;
;;;;;;;;;;;;;;;;;;;
;;;;;;;;;;;;;;;;;;;
;;;;;;;;;;;;;;;;;;;
;;;;;;;;;;;;;;;;;;;
;;;;;;;;;;;;;;;;;;;
;;;;;;;;;;;;;;;;;;;
;;;;;;;;;;;;;;;;;;;
;;;;;;;;;;;;;;;;;;;
;;;;;;;;;;;;;;;;;;;
;;;;;;;;;;;;;;;;;;;
;;;;;;;;;;;;;;;;;;;
;;;;;;;;;;;;;;;;;;;
;;;;;;;;;;;;;;;;;;;
;;;;;;;;;;;;;;;;;;;
;;;;;;;;;;;;;;;;;;;
;;;;;;;;;;;;;;;;;;;
;;;;;;;;;;;;;;;;;;;
;;;;;;;;;;;;;;;;;;;
;;;;;;;;;;;;;;;;;;;
;;;;;;;;;;;;;;;;;;;
;;;;;;;;;;;;;;;;;;;
;;;;;;;;;;;;;;;;;;;
;;;;;;;;;;;;;;;;;;;
;;;;;;;;;;;;;;;;;;;
;;;;;;;;;;;;;;;;;;;
;;;;;;;;;;;;;;;;;;;
;;;;;;;;;;;;;;;;;;;
;;;;;;;;;;;;;;;;;;;
;;;;;;;;;;;;;;;;;;;
;;;;;;;;;;;;;;;;;;;
;;;;;;;;;;;;;;;;;;;
;;;;;;;;;;;;;;;;;;;
;;;;;;;;;;;;;;;;;;;
;;;;;;;;;;;;;;;;;;;
;;;;;;;;;;;;;;;;;;;
;;;;;;;;;;;;;;;;;;;
;;;;;;;;;;;;;;;;;;;
;;;;;;;;;;;;;;;;;;;
;;;;;;;;;;;;;;;;;;;
;;;;;;;;;;;;;;;;;;;
;;;;;;;;;;;;;;;;;;;
;;;;;;;;;;;;;;;;;;;
;;;;;;;;;;;;;;;;;;;
;;;;;;;;;;;;;;;;;;;
;;;;;;;;;;;;;;;;;;;
;;;;;;;;;;;;;;;;;;;
;;;;;;;;;;;;;;;;;;;
;;;;;;;;;;;;;;;;;;;
;;;;;;;;;;;;;;;;;;;
;;;;;;;;;;;;;;;;;;;
;;;;;;;;;;;;;;;;;;;
;;;;;;;;;;;;;;;;;;;
;;;;;;;;;;;;;;;;;;;
;;;;;;;;;;;;;;;;;;;
;;;;;;;;;;;;;;;;;;;
;;;;;;;;;;;;;;;;;;;
;;;;;;;;;;;;;;;;;;;
;;;;;;;;;;;;;;;;;;;
;;;;;;;;;;;;;;;;;;;
;;;;;;;;;;;;;;;;;;;
;;;;;;;;;;;;;;;;;;;
;;;;;;;;;;;;;;;;;;;
;;;;;;;;;;;;;;;;;;;
;;;;;;;;;;;;;;;;;;;
;;;;;;;;;;;;;;;;;;;
;;;;;;;;;;;;;;;;;;;
;;;;;;;;;;;;;;;;;;;
;;;;;;;;;;;;;;;;;;;
;;;;;;;;;;;;;;;;;;;
;;;;;;;;;;;;;;;;;;;
;;;;;;;;;;;;;;;;;;;
;;;;;;;;;;;;;;;;;;;
;;;;;;;;;;;;;;;;;;;
;;;;;;;;;;;;;;;;;;;
;;;;;;;;;;;;;;;;;;;
;;;;;;;;;;;;;;;;;;;
;;;;;;;;;;;;;;;;;;;
;;;;;;;;;;;;;;;;;;;
;;;;;;;;;;;;;;;;;;;
;;;;;;;;;;;;;;;;;;;
;;;;;;;;;;;;;;;;;;;
;;;;;;;;;;;;;;;;;;;
;;;;;;;;;;;;;;;;;;;
;;;;;;;;;;;;;;;;;;;
;;;;;;;;;;;;;;;;;;;
;;;;;;;;;;;;;;;;;;;
;;;;;;;;;;;;;;;;;;;
;;;;;;;;;;;;;;;;;;;
;;;;;;;;;;;;;;;;;;;
;;;;;;;;;;;;;;;;;;;
;;;;;;;;;;;;;;;;;;;
;;;;;;;;;;;;;;;;;;;
;;;;;;;;;;;;;;;;;;;
;;;;;;;;;;;;;;;;;;;
;;;;;;;;;;;;;;;;;;;
;;;;;;;;;;;;;;;;;;;
;;;;;;;;;;;;;;;;;;;
;;;;;;;;;;;;;;;;;;;
;;;;;;;;;;;;;;;;;;;
;;;;;;;;;;;;;;;;;;;
;;;;;;;;;;;;;;;;;;;
;;;;;;;;;;;;;;;;;;;
;;;;;;;;;;;;;;;;;;;
;;;;;;;;;;;;;;;;;;;
;;;;;;;;;;;;;;;;;;;
;;;;;;;;;;;;;;;;;;;
;;;;;;;;;;;;;;;;;;;
;;;;;;;;;;;;;;;;;;;
;;;;;;;;;;;;;;;;;;;
;;;;;;;;;;;;;;;;;;;
;;;;;;;;;;;;;;;;;;;
;;;;;;;;;;;;;;;;;;;
;;;;;;;;;;;;;;;;;;;
;;;;;;;;;;;;;;;;;;;
;;;;;;;;;;;;;;;;;;;
;;;;;;;;;;;;;;;;;;;
;;;;;;;;;;;;;;;;;;;
;;;;;;;;;;;;;;;;;;;
;;;;;;;;;;;;;;;;;;;
;;;;;;;;;;;;;;;;;;;
;;;;;;;;;;;;;;;;;;;
;;;;;;;;;;;;;;;;;;;
;;;;;;;;;;;;;;;;;;;
;;;;;;;;;;;;;;;;;;;
;;;;;;;;;;;;;;;;;;;
;;;;;;;;;;;;;;;;;;;
;;;;;;;;;;;;;;;;;;;
;;;;;;;;;;;;;;;;;;;
;;;;;;;;;;;;;;;;;;;
;;;;;;;;;;;;;;;;;;;
;;;;;;;;;;;;;;;;;;;
;;;;;;;;;;;;;;;;;;;
;;;;;;;;;;;;;;;;;;;
;;;;;;;;;;;;;;;;;;;
;;;;;;;;;;;;;;;;;;;
;;;;;;;;;;;;;;;;;;;
;;;;;;;;;;;;;;;;;;;
;;;;;;;;;;;;;;;;;;;
;;;;;;;;;;;;;;;;;;;
;;;;;;;;;;;;;;;;;;;
;;;;;;;;;;;;;;;;;;;
;;;;;;;;;;;;;;;;;;;
;;;;;;;;;;;;;;;;;;;
;;;;;;;;;;;;;;;;;;;
;;;;;;;;;;;;;;;;;;;
;;;;;;;;;;;;;;;;;;;
;;;;;;;;;;;;;;;;;;;
;;;;;;;;;;;;;;;;;;;
;;;;;;;;;;;;;;;;;;;
;;;;;;;;;;;;;;;;;;;
;;;;;;;;;;;;;;;;;;;
;;;;;;;;;;;;;;;;;;;
;;;;;;;;;;;;;;;;;;;
;;;;;;;;;;;;;;;;;;;
;;;;;;;;;;;;;;;;;;;
;;;;;;;;;;;;;;;;;;;
;;;;;;;;;;;;;;;;;;;
;;;;;;;;;;;;;;;;;;;
;;;;;;;;;;;;;;;;;;;
;;;;;;;;;;;;;;;;;;;
;;;;;;;;;;;;;;;;;;;
;;;;;;;;;;;;;;;;;;;
;;;;;;;;;;;;;;;;;;;
;;;;;;;;;;;;;;;;;;;
;;;;;;;;;;;;;;;;;;;
;;;;;;;;;;;;;;;;;;;
;;;;;;;;;;;;;;;;;;;
;;;;;;;;;;;;;;;;;;;
;;;;;;;;;;;;;;;;;;;
;;;;;;;;;;;;;;;;;;;
;;;;;;;;;;;;;;;;;;;
;;;;;;;;;;;;;;;;;;;
;;;;;;;;;;;;;;;;;;;
;;;;;;;;;;;;;;;;;;;
;;;;;;;;;;;;;;;;;;;
;;;;;;;;;;;;;;;;;;;
;;;;;;;;;;;;;;;;;;;
;;;;;;;;;;;;;;;;;;;
;;;;;;;;;;;;;;;;;;;
;;;;;;;;;;;;;;;;;;;
;;;;;;;;;;;;;;;;;;;
;;;;;;;;;;;;;;;;;;;
;;;;;;;;;;;;;;;;;;;
;;;;;;;;;;;;;;;;;;;
;;;;;;;;;;;;;;;;;;;
;;;;;;;;;;;;;;;;;;;
;;;;;;;;;;;;;;;;;;;
;;;;;;;;;;;;;;;;;;;
;;;;;;;;;;;;;;;;;;;
;;;;;;;;;;;;;;;;;;;
;;;;;;;;;;;;;;;;;;;
;;;;;;;;;;;;;;;;;;;
;;;;;;;;;;;;;;;;;;;
;;;;;;;;;;;;;;;;;;;
;;;;;;;;;;;;;;;;;;;
;;;;;;;;;;;;;;;;;;;
;;;;;;;;;;;;;;;;;;;
;;;;;;;;;;;;;;;;;;;
;;;;;;;;;;;;;;;;;;;
;;;;;;;;;;;;;;;;;;;
;;;;;;;;;;;;;;;;;;;
;;;;;;;;;;;;;;;;;;;
;;;;;;;;;;;;;;;;;;;
;;;;;;;;;;;;;;;;;;;
;;;;;;;;;;;;;;;;;;;
;;;;;;;;;;;;;;;;;;;
;;;;;;;;;;;;;;;;;;;
;;;;;;;;;;;;;;;;;;;
;;;;;;;;;;;;;;;;;;;
;;;;;;;;;;;;;;;;;;;
;;;;;;;;;;;;;;;;;;;
;;;;;;;;;;;;;;;;;;;
;;;;;;;;;;;;;;;;;;;
;;;;;;;;;;;;;;;;;;;
;;;;;;;;;;;;;;;;;;;
;;;;;;;;;;;;;;;;;;;
;;;;;;;;;;;;;;;;;;;
;;;;;;;;;;;;;;;;;;;
;;;;;;;;;;;;;;;;;;;
;;;;;;;;;;;;;;;;;;;
;;;;;;;;;;;;;;;;;;;
;;;;;;;;;;;;;;;;;;;
;;;;;;;;;;;;;;;;;;;
;;;;;;;;;;;;;;;;;;;
;;;;;;;;;;;;;;;;;;;
;;;;;;;;;;;;;;;;;;;
;;;;;;;;;;;;;;;;;;;
;;;;;;;;;;;;;;;;;;;
;;;;;;;;;;;;;;;;;;;
;;;;;;;;;;;;;;;;;;;
;;;;;;;;;;;;;;;;;;;
;;;;;;;;;;;;;;;;;;;
;;;;;;;;;;;;;;;;;;;
;;;;;;;;;;;;;;;;;;;
;;;;;;;;;;;;;;;;;;;
;;;;;;;;;;;;;;;;;;;
;;;;;;;;;;;;;;;;;;;
;;;;;;;;;;;;;;;;;;;
;;;;;;;;;;;;;;;;;;;
;;;;;;;;;;;;;;;;;;;
;;;;;;;;;;;;;;;;;;;
;;;;;;;;;;;;;;;;;;;
;;;;;;;;;;;;;;;;;;;
;;;;;;;;;;;;;;;;;;;
;;;;;;;;;;;;;;;;;;;
;;;;;;;;;;;;;;;;;;;
;;;;;;;;;;;;;;;;;;;
;;;;;;;;;;;;;;;;;;;
;;;;;;;;;;;;;;;;;;;
;;;;;;;;;;;;;;;;;;;
;;;;;;;;;;;;;;;;;;;
;;;;;;;;;;;;;;;;;;;
;;;;;;;;;;;;;;;;;;;
;;;;;;;;;;;;;;;;;;;
;;;;;;;;;;;;;;;;;;;
;;;;;;;;;;;;;;;;;;;
;;;;;;;;;;;;;;;;;;;
;;;;;;;;;;;;;;;;;;;
;;;;;;;;;;;;;;;;;;;
;;;;;;;;;;;;;;;;;;;
;;;;;;;;;;;;;;;;;;;
;;;;;;;;;;;;;;;;;;;
;;;;;;;;;;;;;;;;;;;
;;;;;;;;;;;;;;;;;;;
;;;;;;;;;;;;;;;;;;;
;;;;;;;;;;;;;;;;;;;
;;;;;;;;;;;;;;;;;;;
;;;;;;;;;;;;;;;;;;;
;;;;;;;;;;;;;;;;;;;
;;;;;;;;;;;;;;;;;;;
;;;;;;;;;;;;;;;;;;;
;;;;;;;;;;;;;;;;;;;
;;;;;;;;;;;;;;;;;;;
;;;;;;;;;;;;;;;;;;;
;;;;;;;;;;;;;;;;;;;
;;;;;;;;;;;;;;;;;;;
;;;;;;;;;;;;;;;;;;;
;;;;;;;;;;;;;;;;;;;
;;;;;;;;;;;;;;;;;;;
;;;;;;;;;;;;;;;;;;;
;;;;;;;;;;;;;;;;;;;
;;;;;;;;;;;;;;;;;;;
;;;;;;;;;;;;;;;;;;;
;;;;;;;;;;;;;;;;;;;
;;;;;;;;;;;;;;;;;;;
;;;;;;;;;;;;;;;;;;;
;;;;;;;;;;;;;;;;;;;
;;;;;;;;;;;;;;;;;;;
;;;;;;;;;;;;;;;;;;;
;;;;;;;;;;;;;;;;;;;
;;;;;;;;;;;;;;;;;;;
;;;;;;;;;;;;;;;;;;;
;;;;;;;;;;;;;;;;;;;
;;;;;;;;;;;;;;;;;;;
;;;;;;;;;;;;;;;;;;;
;;;;;;;;;;;;;;;;;;;
;;;;;;;;;;;;;;;;;;;
;;;;;;;;;;;;;;;;;;;
;;;;;;;;;;;;;;;;;;;
;;;;;;;;;;;;;;;;;;;
;;;;;;;;;;;;;;;;;;;
;;;;;;;;;;;;;;;;;;;
;;;;;;;;;;;;;;;;;;;
;;;;;;;;;;;;;;;;;;;
;;;;;;;;;;;;;;;;;;;
;;;;;;;;;;;;;;;;;;;
;;;;;;;;;;;;;;;;;;;
;;;;;;;;;;;;;;;;;;;
;;;;;;;;;;;;;;;;;;;
;;;;;;;;;;;;;;;;;;;
;;;;;;;;;;;;;;;;;;;
;;;;;;;;;;;;;;;;;;;
;;;;;;;;;;;;;;;;;;;
;;;;;;;;;;;;;;;;;;;
;;;;;;;;;;;;;;;;;;;
;;;;;;;;;;;;;;;;;;;
;;;;;;;;;;;;;;;;;;;
;;;;;;;;;;;;;;;;;;;
;;;;;;;;;;;;;;;;;;;
;;;;;;;;;;;;;;;;;;;
;;;;;;;;;;;;;;;;;;;
;;;;;;;;;;;;;;;;;;;
;;;;;;;;;;;;;;;;;;;
;;;;;;;;;;;;;;;;;;;
;;;;;;;;;;;;;;;;;;;
;;;;;;;;;;;;;;;;;;;
;;;;;;;;;;;;;;;;;;;
;;;;;;;;;;;;;;;;;;;
;;;;;;;;;;;;;;;;;;;
;;;;;;;;;;;;;;;;;;;
;;;;;;;;;;;;;;;;;;;
;;;;;;;;;;;;;;;;;;;
;;;;;;;;;;;;;;;;;;;
;;;;;;;;;;;;;;;;;;;
;;;;;;;;;;;;;;;;;;;
;;;;;;;;;;;;;;;;;;;
;;;;;;;;;;;;;;;;;;;
;;;;;;;;;;;;;;;;;;;
;;;;;;;;;;;;;;;;;;;
;;;;;;;;;;;;;;;;;;;
;;;;;;;;;;;;;;;;;;;
;;;;;;;;;;;;;;;;;;;
;;;;;;;;;;;;;;;;;;;
;;;;;;;;;;;;;;;;;;;
;;;;;;;;;;;;;;;;;;;
;;;;;;;;;;;;;;;;;;;
;;;;;;;;;;;;;;;;;;;
;;;;;;;;;;;;;;;;;;;
;;;;;;;;;;;;;;;;;;;
;;;;;;;;;;;;;;;;;;;
;;;;;;;;;;;;;;;;;;;
;;;;;;;;;;;;;;;;;;;
;;;;;;;;;;;;;;;;;;;
;;;;;;;;;;;;;;;;;;;
;;;;;;;;;;;;;;;;;;;
;;;;;;;;;;;;;;;;;;;
;;;;;;;;;;;;;;;;;;;
;;;;;;;;;;;;;;;;;;;
;;;;;;;;;;;;;;;;;;;
;;;;;;;;;;;;;;;;;;;
;;;;;;;;;;;;;;;;;;;
;;;;;;;;;;;;;;;;;;;
;;;;;;;;;;;;;;;;;;;
;;;;;;;;;;;;;;;;;;;
;;;;;;;;;;;;;;;;;;;
;;;;;;;;;;;;;;;;;;;
;;;;;;;;;;;;;;;;;;;
;;;;;;;;;;;;;;;;;;;
;;;;;;;;;;;;;;;;;;;
;;;;;;;;;;;;;;;;;;;
;;;;;;;;;;;;;;;;;;;
;;;;;;;;;;;;;;;;;;;
;;;;;;;;;;;;;;;;;;;
;;;;;;;;;;;;;;;;;;;
;;;;;;;;;;;;;;;;;;;
;;;;;;;;;;;;;;;;;;;
;;;;;;;;;;;;;;;;;;;
;;;;;;;;;;;;;;;;;;;
;;;;;;;;;;;;;;;;;;;
;;;;;;;;;;;;;;;;;;;
;;;;;;;;;;;;;;;;;;;
;;;;;;;;;;;;;;;;;;;
;;;;;;;;;;;;;;;;;;;
;;;;;;;;;;;;;;;;;;;
;;;;;;;;;;;;;;;;;;;
;;;;;;;;;;;;;;;;;;;
;;;;;;;;;;;;;;;;;;;
;;;;;;;;;;;;;;;;;;;
;;;;;;;;;;;;;;;;;;;
;;;;;;;;;;;;;;;;;;;
;;;;;;;;;;;;;;;;;;;
;;;;;;;;;;;;;;;;;;;
;;;;;;;;;;;;;;;;;;;
;;;;;;;;;;;;;;;;;;;
;;;;;;;;;;;;;;;;;;;
;;;;;;;;;;;;;;;;;;;
;;;;;;;;;;;;;;;;;;;
;;;;;;;;;;;;;;;;;;;
;;;;;;;;;;;;;;;;;;;
;;;;;;;;;;;;;;;;;;;
;;;;;;;;;;;;;;;;;;;
;;;;;;;;;;;;;;;;;;;
;;;;;;;;;;;;;;;;;;;
;;;;;;;;;;;;;;;;;;;
;;;;;;;;;;;;;;;;;;;
;;;;;;;;;;;;;;;;;;;
;;;;;;;;;;;;;;;;;;;
;;;;;;;;;;;;;;;;;;;
;;;;;;;;;;;;;;;;;;;
;;;;;;;;;;;;;;;;;;;
;;;;;;;;;;;;;;;;;;;
;;;;;;;;;;;;;;;;;;;
;;;;;;;;;;;;;;;;;;;
;;;;;;;;;;;;;;;;;;;
;;;;;;;;;;;;;;;;;;;
;;;;;;;;;;;;;;;;;;;
;;;;;;;;;;;;;;;;;;;
;;;;;;;;;;;;;;;;;;;
;;;;;;;;;;;;;;;;;;;
;;;;;;;;;;;;;;;;;;;
;;;;;;;;;;;;;;;;;;;
;;;;;;;;;;;;;;;;;;;
;;;;;;;;;;;;;;;;;;;
;;;;;;;;;;;;;;;;;;;
;;;;;;;;;;;;;;;;;;;
;;;;;;;;;;;;;;;;;;;
;;;;;;;;;;;;;;;;;;;
;;;;;;;;;;;;;;;;;;;
;;;;;;;;;;;;;;;;;;;
;;;;;;;;;;;;;;;;;;;
;;;;;;;;;;;;;;;;;;;
;;;;;;;;;;;;;;;;;;;
;;;;;;;;;;;;;;;;;;;
;;;;;;;;;;;;;;;;;;;
;;;;;;;;;;;;;;;;;;;
;;;;;;;;;;;;;;;;;;;
;;;;;;;;;;;;;;;;;;;
;;;;;;;;;;;;;;;;;;;
;;;;;;;;;;;;;;;;;;;
;;;;;;;;;;;;;;;;;;;
;;;;;;;;;;;;;;;;;;;
;;;;;;;;;;;;;;;;;;;
;;;;;;;;;;;;;;;;;;;
;;;;;;;;;;;;;;;;;;;
;;;;;;;;;;;;;;;;;;;
;;;;;;;;;;;;;;;;;;;
;;;;;;;;;;;;;;;;;;;
;;;;;;;;;;;;;;;;;;;
;;;;;;;;;;;;;;;;;;;
;;;;;;;;;;;;;;;;;;;
;;;;;;;;;;;;;;;;;;;
;;;;;;;;;;;;;;;;;;;
;;;;;;;;;;;;;;;;;;;
;;;;;;;;;;;;;;;;;;;
;;;;;;;;;;;;;;;;;;;
;;;;;;;;;;;;;;;;;;;
;;;;;;;;;;;;;;;;;;;
;;;;;;;;;;;;;;;;;;;
;;;;;;;;;;;;;;;;;;;
;;;;;;;;;;;;;;;;;;;
;;;;;;;;;;;;;;;;;;;
;;;;;;;;;;;;;;;;;;;
;;;;;;;;;;;;;;;;;;;
;;;;;;;;;;;;;;;;;;;
;;;;;;;;;;;;;;;;;;;
;;;;;;;;;;;;;;;;;;;
;;;;;;;;;;;;;;;;;;;
;;;;;;;;;;;;;;;;;;;
;;;;;;;;;;;;;;;;;;;
;;;;;;;;;;;;;;;;;;;
;;;;;;;;;;;;;;;;;;;
;;;;;;;;;;;;;;;;;;;
;;;;;;;;;;;;;;;;;;;
;;;;;;;;;;;;;;;;;;;
;;;;;;;;;;;;;;;;;;;
;;;;;;;;;;;;;;;;;;;
;;;;;;;;;;;;;;;;;;;
;;;;;;;;;;;;;;;;;;;
;;;;;;;;;;;;;;;;;;;
;;;;;;;;;;;;;;;;;;;
;;;;;;;;;;;;;;;;;;;
;;;;;;;;;;;;;;;;;;;
;;;;;;;;;;;;;;;;;;;
;;;;;;;;;;;;;;;;;;;
;;;;;;;;;;;;;;;;;;;
;;;;;;;;;;;;;;;;;;;
;;;;;;;;;;;;;;;;;;;
;;;;;;;;;;;;;;;;;;;
;;;;;;;;;;;;;;;;;;;
;;;;;;;;;;;;;;;;;;;
;;;;;;;;;;;;;;;;;;;
;;;;;;;;;;;;;;;;;;;
;;;;;;;;;;;;;;;;;;;
;;;;;;;;;;;;;;;;;;;
;;;;;;;;;;;;;;;;;;;
;;;;;;;;;;;;;;;;;;;
;;;;;;;;;;;;;;;;;;;
;;;;;;;;;;;;;;;;;;;
;;;;;;;;;;;;;;;;;;;
;;;;;;;;;;;;;;;;;;;
;;;;;;;;;;;;;;;;;;;
;;;;;;;;;;;;;;;;;;;
;;;;;;;;;;;;;;;;;;;
;;;;;;;;;;;;;;;;;;;
;;;;;;;;;;;;;;;;;;;
;;;;;;;;;;;;;;;;;;;
;;;;;;;;;;;;;;;;;;;
;;;;;;;;;;;;;;;;;;;
;;;;;;;;;;;;;;;;;;;
;;;;;;;;;;;;;;;;;;;
;;;;;;;;;;;;;;;;;;;
;;;;;;;;;;;;;;;;;;;
;;;;;;;;;;;;;;;;;;;
;;;;;;;;;;;;;;;;;;;
;;;;;;;;;;;;;;;;;;;
;;;;;;;;;;;;;;;;;;;
;;;;;;;;;;;;;;;;;;;
;;;;;;;;;;;;;;;;;;;
;;;;;;;;;;;;;;;;;;;
;;;;;;;;;;;;;;;;;;;
;;;;;;;;;;;;;;;;;;;
;;;;;;;;;;;;;;;;;;;
;;;;;;;;;;;;;;;;;;;
;;;;;;;;;;;;;;;;;;;
;;;;;;;;;;;;;;;;;;;
;;;;;;;;;;;;;;;;;;;
;;;;;;;;;;;;;;;;;;;
;;;;;;;;;;;;;;;;;;;
;;;;;;;;;;;;;;;;;;;
;;;;;;;;;;;;;;;;;;;
;;;;;;;;;;;;;;;;;;;
;;;;;;;;;;;;;;;;;;;
;;;;;;;;;;;;;;;;;;;
;;;;;;;;;;;;;;;;;;;
;;;;;;;;;;;;;;;;;;;
;;;;;;;;;;;;;;;;;;;
;;;;;;;;;;;;;;;;;;;
;;;;;;;;;;;;;;;;;;;
;;;;;;;;;;;;;;;;;;;
;;;;;;;;;;;;;;;;;;;
;;;;;;;;;;;;;;;;;;;
;;;;;;;;;;;;;;;;;;;
;;;;;;;;;;;;;;;;;;;
;;;;;;;;;;;;;;;;;;;
;;;;;;;;;;;;;;;;;;;
;;;;;;;;;;;;;;;;;;;
;;;;;;;;;;;;;;;;;;;
;;;;;;;;;;;;;;;;;;;
;;;;;;;;;;;;;;;;;;;
;;;;;;;;;;;;;;;;;;;
;;;;;;;;;;;;;;;;;;;
;;;;;;;;;;;;;;;;;;;
;;;;;;;;;;;;;;;;;;;
;;;;;;;;;;;;;;;;;;;
;;;;;;;;;;;;;;;;;;;
;;;;;;;;;;;;;;;;;;;
;;;;;;;;;;;;;;;;;;;
;;;;;;;;;;;;;;;;;;;
;;;;;;;;;;;;;;;;;;;
;;;;;;;;;;;;;;;;;;;
;;;;;;;;;;;;;;;;;;;
;;;;;;;;;;;;;;;;;;;
;;;;;;;;;;;;;;;;;;;
;;;;;;;;;;;;;;;;;;;
;;;;;;;;;;;;;;;;;;;
;;;;;;;;;;;;;;;;;;;
;;;;;;;;;;;;;;;;;;;
;;;;;;;;;;;;;;;;;;;
;;;;;;;;;;;;;;;;;;;
;;;;;;;;;;;;;;;;;;;
;;;;;;;;;;;;;;;;;;;
;;;;;;;;;;;;;;;;;;;
;;;;;;;;;;;;;;;;;;;
;;;;;;;;;;;;;;;;;;;
;;;;;;;;;;;;;;;;;;;
;;;;;;;;;;;;;;;;;;;
;;;;;;;;;;;;;;;;;;;
;;;;;;;;;;;;;;;;;;;
;;;;;;;;;;;;;;;;;;;
;;;;;;;;;;;;;;;;;;;
;;;;;;;;;;;;;;;;;;;
;;;;;;;;;;;;;;;;;;;
;;;;;;;;;;;;;;;;;;;
;;;;;;;;;;;;;;;;;;;
;;;;;;;;;;;;;;;;;;;
;;;;;;;;;;;;;;;;;;;
;;;;;;;;;;;;;;;;;;;
;;;;;;;;;;;;;;;;;;;
;;;;;;;;;;;;;;;;;;;
;;;;;;;;;;;;;;;;;;;
;;;;;;;;;;;;;;;;;;;
;;;;;;;;;;;;;;;;;;;
;;;;;;;;;;;;;;;;;;;
;;;;;;;;;;;;;;;;;;;
;;;;;;;;;;;;;;;;;;;
;;;;;;;;;;;;;;;;;;;
;;;;;;;;;;;;;;;;;;;
;;;;;;;;;;;;;;;;;;;
;;;;;;;;;;;;;;;;;;;
;;;;;;;;;;;;;;;;;;;
;;;;;;;;;;;;;;;;;;;
;;;;;;;;;;;;;;;;;;;
;;;;;;;;;;;;;;;;;;;
;;;;;;;;;;;;;;;;;;;
;;;;;;;;;;;;;;;;;;;
;;;;;;;;;;;;;;;;;;;
;;;;;;;;;;;;;;;;;;;
;;;;;;;;;;;;;;;;;;;
;;;;;;;;;;;;;;;;;;;
;;;;;;;;;;;;;;;;;;;
;;;;;;;;;;;;;;;;;;;
;;;;;;;;;;;;;;;;;;;
;;;;;;;;;;;;;;;;;;;
;;;;;;;;;;;;;;;;;;;
;;;;;;;;;;;;;;;;;;;
;;;;;;;;;;;;;;;;;;;
;;;;;;;;;;;;;;;;;;;
;;;;;;;;;;;;;;;;;;;
;;;;;;;;;;;;;;;;;;;
;;;;;;;;;;;;;;;;;;;
;;;;;;;;;;;;;;;;;;;
;;;;;;;;;;;;;;;;;;;
;;;;;;;;;;;;;;;;;;;
;;;;;;;;;;;;;;;;;;;
;;;;;;;;;;;;;;;;;;;
;;;;;;;;;;;;;;;;;;;
;;;;;;;;;;;;;;;;;;;
;;;;;;;;;;;;;;;;;;;
;;;;;;;;;;;;;;;;;;;
;;;;;;;;;;;;;;;;;;;
;;;;;;;;;;;;;;;;;;;
;;;;;;;;;;;;;;;;;;;
;;;;;;;;;;;;;;;;;;;
;;;;;;;;;;;;;;;;;;;
;;;;;;;;;;;;;;;;;;;
;;;;;;;;;;;;;;;;;;;
;;;;;;;;;;;;;;;;;;;
;;;;;;;;;;;;;;;;;;;
;;;;;;;;;;;;;;;;;;;
;;;;;;;;;;;;;;;;;;;
;;;;;;;;;;;;;;;;;;;
;;;;;;;;;;;;;;;;;;;
;;;;;;;;;;;;;;;;;;;
;;;;;;;;;;;;;;;;;;;
;;;;;;;;;;;;;;;;;;;
;;;;;;;;;;;;;;;;;;;
;;;;;;;;;;;;;;;;;;;
;;;;;;;;;;;;;;;;;;;
;;;;;;;;;;;;;;;;;;;
;;;;;;;;;;;;;;;;;;;
;;;;;;;;;;;;;;;;;;;
;;;;;;;;;;;;;;;;;;;
;;;;;;;;;;;;;;;;;;;
;;;;;;;;;;;;;;;;;;;
;;;;;;;;;;;;;;;;;;;
;;;;;;;;;;;;;;;;;;;
;;;;;;;;;;;;;;;;;;;
;;;;;;;;;;;;;;;;;;;
;;;;;;;;;;;;;;;;;;;
;;;;;;;;;;;;;;;;;;;
;;;;;;;;;;;;;;;;;;;
;;;;;;;;;;;;;;;;;;;
;;;;;;;;;;;;;;;;;;;
;;;;;;;;;;;;;;;;;;;
;;;;;;;;;;;;;;;;;;;
;;;;;;;;;;;;;;;;;;;
;;;;;;;;;;;;;;;;;;;
;;;;;;;;;;;;;;;;;;;
;;;;;;;;;;;;;;;;;;;
;;;;;;;;;;;;;;;;;;;
;;;;;;;;;;;;;;;;;;;
;;;;;;;;;;;;;;;;;;;
;;;;;;;;;;;;;;;;;;;
;;;;;;;;;;;;;;;;;;;
;;;;;;;;;;;;;;;;;;;
;;;;;;;;;;;;;;;;;;;
;;;;;;;;;;;;;;;;;;;
;;;;;;;;;;;;;;;;;;;
;;;;;;;;;;;;;;;;;;;
;;;;;;;;;;;;;;;;;;;
;;;;;;;;;;;;;;;;;;;
;;;;;;;;;;;;;;;;;;;
;;;;;;;;;;;;;;;;;;;
;;;;;;;;;;;;;;;;;;;
;;;;;;;;;;;;;;;;;;;
;;;;;;;;;;;;;;;;;;;
;;;;;;;;;;;;;;;;;;;
;;;;;;;;;;;;;;;;;;;
;;;;;;;;;;;;;;;;;;;
;;;;;;;;;;;;;;;;;;;
;;;;;;;;;;;;;;;;;;;
;;;;;;;;;;;;;;;;;;;
;;;;;;;;;;;;;;;;;;;
;;;;;;;;;;;;;;;;;;;
;;;;;;;;;;;;;;;;;;;
;;;;;;;;;;;;;;;;;;;
;;;;;;;;;;;;;;;;;;;
;;;;;;;;;;;;;;;;;;;
;;;;;;;;;;;;;;;;;;;
;;;;;;;;;;;;;;;;;;;
;;;;;;;;;;;;;;;;;;;
;;;;;;;;;;;;;;;;;;;
;;;;;;;;;;;;;;;;;;;
;;;;;;;;;;;;;;;;;;;
;;;;;;;;;;;;;;;;;;;
;;;;;;;;;;;;;;;;;;;
;;;;;;;;;;;;;;;;;;;
;;;;;;;;;;;;;;;;;;;
;;;;;;;;;;;;;;;;;;;
;;;;;;;;;;;;;;;;;;;
;;;;;;;;;;;;;;;;;;;
;;;;;;;;;;;;;;;;;;;
;;;;;;;;;;;;;;;;;;;
;;;;;;;;;;;;;;;;;;;
;;;;;;;;;;;;;;;;;;;
;;;;;;;;;;;;;;;;;;;
;;;;;;;;;;;;;;;;;;;
;;;;;;;;;;;;;;;;;;;
;;;;;;;;;;;;;;;;;;;
;;;;;;;;;;;;;;;;;;;
;;;;;;;;;;;;;;;;;;;
;;;;;;;;;;;;;;;;;;;
;;;;;;;;;;;;;;;;;;;
;;;;;;;;;;;;;;;;;;;
;;;;;;;;;;;;;;;;;;;
;;;;;;;;;;;;;;;;;;;
;;;;;;;;;;;;;;;;;;;
;;;;;;;;;;;;;;;;;;;
;;;;;;;;;;;;;;;;;;;
;;;;;;;;;;;;;;;;;;;
;;;;;;;;;;;;;;;;;;;
;;;;;;;;;;;;;;;;;;;
;;;;;;;;;;;;;;;;;;;
;;;;;;;;;;;;;;;;;;;
;;;;;;;;;;;;;;;;;;;
;;;;;;;;;;;;;;;;;;;
;;;;;;;;;;;;;;;;;;;
;;;;;;;;;;;;;;;;;;;
;;;;;;;;;;;;;;;;;;;
;;;;;;;;;;;;;;;;;;;
;;;;;;;;;;;;;;;;;;;
;;;;;;;;;;;;;;;;;;;
;;;;;;;;;;;;;;;;;;;
;;;;;;;;;;;;;;;;;;;
;;;;;;;;;;;;;;;;;;;
;;;;;;;;;;;;;;;;;;;
;;;;;;;;;;;;;;;;;;;
;;;;;;;;;;;;;;;;;;;
;;;;;;;;;;;;;;;;;;;
;;;;;;;;;;;;;;;;;;;
;;;;;;;;;;;;;;;;;;;
;;;;;;;;;;;;;;;;;;;
;;;;;;;;;;;;;;;;;;;
;;;;;;;;;;;;;;;;;;;
;;;;;;;;;;;;;;;;;;;
;;;;;;;;;;;;;;;;;;;
;;;;;;;;;;;;;;;;;;;
;;;;;;;;;;;;;;;;;;;
;;;;;;;;;;;;;;;;;;;
;;;;;;;;;;;;;;;;;;;
;;;;;;;;;;;;;;;;;;;
;;;;;;;;;;;;;;;;;;;
;;;;;;;;;;;;;;;;;;;
;;;;;;;;;;;;;;;;;;;
;;;;;;;;;;;;;;;;;;;
;;;;;;;;;;;;;;;;;;;
;;;;;;;;;;;;;;;;;;;
;;;;;;;;;;;;;;;;;;;
;;;;;;;;;;;;;;;;;;;
;;;;;;;;;;;;;;;;;;;
;;;;;;;;;;;;;;;;;;;
;;;;;;;;;;;;;;;;;;;
;;;;;;;;;;;;;;;;;;;
;;;;;;;;;;;;;;;;;;;
;;;;;;;;;;;;;;;;;;;
;;;;;;;;;;;;;;;;;;;
;;;;;;;;;;;;;;;;;;;
;;;;;;;;;;;;;;;;;;;
;;;;;;;;;;;;;;;;;;;
;;;;;;;;;;;;;;;;;;;
;;;;;;;;;;;;;;;;;;;
;;;;;;;;;;;;;;;;;;;
;;;;;;;;;;;;;;;;;;;
;;;;;;;;;;;;;;;;;;;
;;;;;;;;;;;;;;;;;;;
;;;;;;;;;;;;;;;;;;;
;;;;;;;;;;;;;;;;;;;
;;;;;;;;;;;;;;;;;;;
;;;;;;;;;;;;;;;;;;;
;;;;;;;;;;;;;;;;;;;
;;;;;;;;;;;;;;;;;;;
;;;;;;;;;;;;;;;;;;;
;;;;;;;;;;;;;;;;;;;
;;;;;;;;;;;;;;;;;;;
;;;;;;;;;;;;;;;;;;;
;;;;;;;;;;;;;;;;;;;
;;;;;;;;;;;;;;;;;;;
;;;;;;;;;;;;;;;;;;;
;;;;;;;;;;;;;;;;;;;
;;;;;;;;;;;;;;;;;;;
;;;;;;;;;;;;;;;;;;;
;;;;;;;;;;;;;;;;;;;
;;;;;;;;;;;;;;;;;;;
;;;;;;;;;;;;;;;;;;;
;;;;;;;;;;;;;;;;;;;
;;;;;;;;;;;;;;;;;;;
;;;;;;;;;;;;;;;;;;;
;;;;;;;;;;;;;;;;;;;
;;;;;;;;;;;;;;;;;;;
;;;;;;;;;;;;;;;;;;;
;;;;;;;;;;;;;;;;;;;
;;;;;;;;;;;;;;;;;;;
;;;;;;;;;;;;;;;;;;;
;;;;;;;;;;;;;;;;;;;
;;;;;;;;;;;;;;;;;;;
;;;;;;;;;;;;;;;;;;;
;;;;;;;;;;;;;;;;;;;
;;;;;;;;;;;;;;;;;;;
;;;;;;;;;;;;;;;;;;;
;;;;;;;;;;;;;;;;;;;
;;;;;;;;;;;;;;;;;;;
;;;;;;;;;;;;;;;;;;;
;;;;;;;;;;;;;;;;;;;
;;;;;;;;;;;;;;;;;;;
;;;;;;;;;;;;;;;;;;;
;;;;;;;;;;;;;;;;;;;
;;;;;;;;;;;;;;;;;;;
;;;;;;;;;;;;;;;;;;;
;;;;;;;;;;;;;;;;;;;
;;;;;;;;;;;;;;;;;;;
;;;;;;;;;;;;;;;;;;;
;;;;;;;;;;;;;;;;;;;
;;;;;;;;;;;;;;;;;;;
;;;;;;;;;;;;;;;;;;;
;;;;;;;;;;;;;;;;;;;
;;;;;;;;;;;;;;;;;;;
;;;;;;;;;;;;;;;;;;;
;;;;;;;;;;;;;;;;;;;
;;;;;;;;;;;;;;;;;;;
;;;;;;;;;;;;;;;;;;;
;;;;;;;;;;;;;;;;;;;
;;;;;;;;;;;;;;;;;;;
;;;;;;;;;;;;;;;;;;;
;;;;;;;;;;;;;;;;;;;
;;;;;;;;;;;;;;;;;;;
;;;;;;;;;;;;;;;;;;;
;;;;;;;;;;;;;;;;;;;
;;;;;;;;;;;;;;;;;;;
;;;;;;;;;;;;;;;;;;;
;;;;;;;;;;;;;;;;;;;
;;;;;;;;;;;;;;;;;;;
;;;;;;;;;;;;;;;;;;;
;;;;;;;;;;;;;;;;;;;
;;;;;;;;;;;;;;;;;;;
;;;;;;;;;;;;;;;;;;;
;;;;;;;;;;;;;;;;;;;
;;;;;;;;;;;;;;;;;;;
;;;;;;;;;;;;;;;;;;;
;;;;;;;;;;;;;;;;;;;
;;;;;;;;;;;;;;;;;;;
;;;;;;;;;;;;;;;;;;;
;;;;;;;;;;;;;;;;;;;
;;;;;;;;;;;;;;;;;;;
;;;;;;;;;;;;;;;;;;;
;;;;;;;;;;;;;;;;;;;
;;;;;;;;;;;;;;;;;;;
;;;;;;;;;;;;;;;;;;;
;;;;;;;;;;;;;;;;;;;
;;;;;;;;;;;;;;;;;;;
;;;;;;;;;;;;;;;;;;;
;;;;;;;;;;;;;;;;;;;
;;;;;;;;;;;;;;;;;;;
;;;;;;;;;;;;;;;;;;;
;;;;;;;;;;;;;;;;;;;
;;;;;;;;;;;;;;;;;;;
;;;;;;;;;;;;;;;;;;;
;;;;;;;;;;;;;;;;;;;
;;;;;;;;;;;;;;;;;;;
;;;;;;;;;;;;;;;;;;;
;;;;;;;;;;;;;;;;;;;
;;;;;;;;;;;;;;;;;;;
;;;;;;;;;;;;;;;;;;;
;;;;;;;;;;;;;;;;;;;
;;;;;;;;;;;;;;;;;;;
;;;;;;;;;;;;;;;;;;;
;;;;;;;;;;;;;;;;;;;
;;;;;;;;;;;;;;;;;;;
;;;;;;;;;;;;;;;;;;;
;;;;;;;;;;;;;;;;;;;
;;;;;;;;;;;;;;;;;;;
;;;;;;;;;;;;;;;;;;;
;;;;;;;;;;;;;;;;;;;
;;;;;;;;;;;;;;;;;;;
;;;;;;;;;;;;;;;;;;;
;;;;;;;;;;;;;;;;;;;
;;;;;;;;;;;;;;;;;;;
;;;;;;;;;;;;;;;;;;;
;;;;;;;;;;;;;;;;;;;
;;;;;;;;;;;;;;;;;;;
;;;;;;;;;;;;;;;;;;;
;;;;;;;;;;;;;;;;;;;
;;;;;;;;;;;;;;;;;;;
;;;;;;;;;;;;;;;;;;;
;;;;;;;;;;;;;;;;;;;
;;;;;;;;;;;;;;;;;;;
;;;;;;;;;;;;;;;;;;;
;;;;;;;;;;;;;;;;;;;
;;;;;;;;;;;;;;;;;;;
;;;;;;;;;;;;;;;;;;;
;;;;;;;;;;;;;;;;;;;
;;;;;;;;;;;;;;;;;;;
;;;;;;;;;;;;;;;;;;;
;;;;;;;;;;;;;;;;;;;
;;;;;;;;;;;;;;;;;;;
;;;;;;;;;;;;;;;;;;;
;;;;;;;;;;;;;;;;;;;
;;;;;;;;;;;;;;;;;;;
;;;;;;;;;;;;;;;;;;;
;;;;;;;;;;;;;;;;;;;
;;;;;;;;;;;;;;;;;;;
;;;;;;;;;;;;;;;;;;;
;;;;;;;;;;;;;;;;;;;
;;;;;;;;;;;;;;;;;;;
;;;;;;;;;;;;;;;;;;;
;;;;;;;;;;;;;;;;;;;
;;;;;;;;;;;;;;;;;;;
;;;;;;;;;;;;;;;;;;;
;;;;;;;;;;;;;;;;;;;
;;;;;;;;;;;;;;;;;;;
;;;;;;;;;;;;;;;;;;;
;;;;;;;;;;;;;;;;;;;
;;;;;;;;;;;;;;;;;;;
;;;;;;;;;;;;;;;;;;;
;;;;;;;;;;;;;;;;;;;
;;;;;;;;;;;;;;;;;;;
;;;;;;;;;;;;;;;;;;;
;;;;;;;;;;;;;;;;;;;
;;;;;;;;;;;;;;;;;;;
;;;;;;;;;;;;;;;;;;;
;;;;;;;;;;;;;;;;;;;
;;;;;;;;;;;;;;;;;;;
;;;;;;;;;;;;;;;;;;;
;;;;;;;;;;;;;;;;;;;
;;;;;;;;;;;;;;;;;;;
;;;;;;;;;;;;;;;;;;;
;;;;;;;;;;;;;;;;;;;
;;;;;;;;;;;;;;;;;;;
;;;;;;;;;;;;;;;;;;;
;;;;;;;;;;;;;;;;;;;
;;;;;;;;;;;;;;;;;;;
;;;;;;;;;;;;;;;;;;;
;;;;;;;;;;;;;;;;;;;
;;;;;;;;;;;;;;;;;;;
;;;;;;;;;;;;;;;;;;;
;;;;;;;;;;;;;;;;;;;
;;;;;;;;;;;;;;;;;;;
;;;;;;;;;;;;;;;;;;;
;;;;;;;;;;;;;;;;;;;
;;;;;;;;;;;;;;;;;;;
;;;;;;;;;;;;;;;;;;;
;;;;;;;;;;;;;;;;;;;
;;;;;;;;;;;;;;;;;;;
;;;;;;;;;;;;;;;;;;;
;;;;;;;;;;;;;;;;;;;
;;;;;;;;;;;;;;;;;;;
;;;;;;;;;;;;;;;;;;;
;;;;;;;;;;;;;;;;;;;
;;;;;;;;;;;;;;;;;;;
;;;;;;;;;;;;;;;;;;;
;;;;;;;;;;;;;;;;;;;
;;;;;;;;;;;;;;;;;;;
;;;;;;;;;;;;;;;;;;;
;;;;;;;;;;;;;;;;;;;
;;;;;;;;;;;;;;;;;;;
;;;;;;;;;;;;;;;;;;;
;;;;;;;;;;;;;;;;;;;
;;;;;;;;;;;;;;;;;;;
;;;;;;;;;;;;;;;;;;;
;;;;;;;;;;;;;;;;;;;
;;;;;;;;;;;;;;;;;;;
;;;;;;;;;;;;;;;;;;;
;;;;;;;;;;;;;;;;;;;
;;;;;;;;;;;;;;;;;;;
;;;;;;;;;;;;;;;;;;;
;;;;;;;;;;;;;;;;;;;
;;;;;;;;;;;;;;;;;;;
;;;;;;;;;;;;;;;;;;;
;;;;;;;;;;;;;;;;;;;
;;;;;;;;;;;;;;;;;;;
;;;;;;;;;;;;;;;;;;;
;;;;;;;;;;;;;;;;;;;
;;;;;;;;;;;;;;;;;;;
;;;;;;;;;;;;;;;;;;;
;;;;;;;;;;;;;;;;;;;
;;;;;;;;;;;;;;;;;;;
;;;;;;;;;;;;;;;;;;;
;;;;;;;;;;;;;;;;;;;
;;;;;;;;;;;;;;;;;;;
;;;;;;;;;;;;;;;;;;;
;;;;;;;;;;;;;;;;;;;
;;;;;;;;;;;;;;;;;;;
;;;;;;;;;;;;;;;;;;;
;;;;;;;;;;;;;;;;;;;
;;;;;;;;;;;;;;;;;;;
;;;;;;;;;;;;;;;;;;;
;;;;;;;;;;;;;;;;;;;
;;;;;;;;;;;;;;;;;;;
;;;;;;;;;;;;;;;;;;;
;;;;;;;;;;;;;;;;;;;
;;;;;;;;;;;;;;;;;;;
;;;;;;;;;;;;;;;;;;;
;;;;;;;;;;;;;;;;;;;
;;;;;;;;;;;;;;;;;;;
;;;;;;;;;;;;;;;;;;;
;;;;;;;;;;;;;;;;;;;
;;;;;;;;;;;;;;;;;;;
;;;;;;;;;;;;;;;;;;;
;;;;;;;;;;;;;;;;;;;
;;;;;;;;;;;;;;;;;;;
;;;;;;;;;;;;;;;;;;;
;;;;;;;;;;;;;;;;;;;
;;;;;;;;;;;;;;;;;;;
;;;;;;;;;;;;;;;;;;;
;;;;;;;;;;;;;;;;;;;
;;;;;;;;;;;;;;;;;;;
;;;;;;;;;;;;;;;;;;;
;;;;;;;;;;;;;;;;;;;
;;;;;;;;;;;;;;;;;;;
;;;;;;;;;;;;;;;;;;;
;;;;;;;;;;;;;;;;;;;
;;;;;;;;;;;;;;;;;;;
;;;;;;;;;;;;;;;;;;;
;;;;;;;;;;;;;;;;;;;
;;;;;;;;;;;;;;;;;;;
;;;;;;;;;;;;;;;;;;;
;;;;;;;;;;;;;;;;;;;
;;;;;;;;;;;;;;;;;;;
;;;;;;;;;;;;;;;;;;;
;;;;;;;;;;;;;;;;;;;
;;;;;;;;;;;;;;;;;;;
;;;;;;;;;;;;;;;;;;;
;;;;;;;;;;;;;;;;;;;
;;;;;;;;;;;;;;;;;;;
;;;;;;;;;;;;;;;;;;;
;;;;;;;;;;;;;;;;;;;
;;;;;;;;;;;;;;;;;;;
;;;;;;;;;;;;;;;;;;;
;;;;;;;;;;;;;;;;;;;
;;;;;;;;;;;;;;;;;;;
;;;;;;;;;;;;;;;;;;;
;;;;;;;;;;;;;;;;;;;
;;;;;;;;;;;;;;;;;;;
;;;;;;;;;;;;;;;;;;;
;;;;;;;;;;;;;;;;;;;
;;;;;;;;;;;;;;;;;;;
;;;;;;;;;;;;;;;;;;;
;;;;;;;;;;;;;;;;;;;
;;;;;;;;;;;;;;;;;;;
;;;;;;;;;;;;;;;;;;;
;;;;;;;;;;;;;;;;;;;
;;;;;;;;;;;;;;;;;;;
;;;;;;;;;;;;;;;;;;;
;;;;;;;;;;;;;;;;;;;
;;;;;;;;;;;;;;;;;;;
;;;;;;;;;;;;;;;;;;;
;;;;;;;;;;;;;;;;;;;
;;;;;;;;;;;;;;;;;;;
;;;;;;;;;;;;;;;;;;;
;;;;;;;;;;;;;;;;;;;
;;;;;;;;;;;;;;;;;;;
;;;;;;;;;;;;;;;;;;;
;;;;;;;;;;;;;;;;;;;
;;;;;;;;;;;;;;;;;;;
;;;;;;;;;;;;;;;;;;;
;;;;;;;;;;;;;;;;;;;
;;;;;;;;;;;;;;;;;;;
;;;;;;;;;;;;;;;;;;;
;;;;;;;;;;;;;;;;;;;
;;;;;;;;;;;;;;;;;;;
;;;;;;;;;;;;;;;;;;;
;;;;;;;;;;;;;;;;;;;
;;;;;;;;;;;;;;;;;;;
;;;;;;;;;;;;;;;;;;;
;;;;;;;;;;;;;;;;;;;
;;;;;;;;;;;;;;;;;;;
;;;;;;;;;;;;;;;;;;;
;;;;;;;;;;;;;;;;;;;
;;;;;;;;;;;;;;;;;;;
;;;;;;;;;;;;;;;;;;;
;;;;;;;;;;;;;;;;;;;
;;;;;;;;;;;;;;;;;;;
;;;;;;;;;;;;;;;;;;;
;;;;;;;;;;;;;;;;;;;
;;;;;;;;;;;;;;;;;;;
;;;;;;;;;;;;;;;;;;;
;;;;;;;;;;;;;;;;;;;
;;;;;;;;;;;;;;;;;;;
;;;;;;;;;;;;;;;;;;;
;;;;;;;;;;;;;;;;;;;
;;;;;;;;;;;;;;;;;;;
;;;;;;;;;;;;;;;;;;;
;;;;;;;;;;;;;;;;;;;
;;;;;;;;;;;;;;;;;;;
;;;;;;;;;;;;;;;;;;;
;;;;;;;;;;;;;;;;;;;
;;;;;;;;;;;;;;;;;;;
;;;;;;;;;;;;;;;;;;;
;;;;;;;;;;;;;;;;;;;
;;;;;;;;;;;;;;;;;;;
;;;;;;;;;;;;;;;;;;;
;;;;;;;;;;;;;;;;;;;
;;;;;;;;;;;;;;;;;;;
;;;;;;;;;;;;;;;;;;;
;;;;;;;;;;;;;;;;;;;
;;;;;;;;;;;;;;;;;;;
;;;;;;;;;;;;;;;;;;;
;;;;;;;;;;;;;;;;;;;
;;;;;;;;;;;;;;;;;;;
;;;;;;;;;;;;;;;;;;;
;;;;;;;;;;;;;;;;;;;
;;;;;;;;;;;;;;;;;;;
;;;;;;;;;;;;;;;;;;;
;;;;;;;;;;;;;;;;;;;
;;;;;;;;;;;;;;;;;;;
;;;;;;;;;;;;;;;;;;;
;;;;;;;;;;;;;;;;;;;
;;;;;;;;;;;;;;;;;;;
;;;;;;;;;;;;;;;;;;;
;;;;;;;;;;;;;;;;;;;
;;;;;;;;;;;;;;;;;;;
;;;;;;;;;;;;;;;;;;;
;;;;;;;;;;;;;;;;;;;
;;;;;;;;;;;;;;;;;;;
;;;;;;;;;;;;;;;;;;;
;;;;;;;;;;;;;;;;;;;
;;;;;;;;;;;;;;;;;;;
;;;;;;;;;;;;;;;;;;;
;;;;;;;;;;;;;;;;;;;
;;;;;;;;;;;;;;;;;;;
;;;;;;;;;;;;;;;;;;;
;;;;;;;;;;;;;;;;;;;
;;;;;;;;;;;;;;;;;;;
;;;;;;;;;;;;;;;;;;;
;;;;;;;;;;;;;;;;;;;
;;;;;;;;;;;;;;;;;;;
;;;;;;;;;;;;;;;;;;;
;;;;;;;;;;;;;;;;;;;
;;;;;;;;;;;;;;;;;;;
;;;;;;;;;;;;;;;;;;;
;;;;;;;;;;;;;;;;;;;
;;;;;;;;;;;;;;;;;;;
;;;;;;;;;;;;;;;;;;;
;;;;;;;;;;;;;;;;;;;
;;;;;;;;;;;;;;;;;;;
;;;;;;;;;;;;;;;;;;;
;;;;;;;;;;;;;;;;;;;
;;;;;;;;;;;;;;;;;;;
;;;;;;;;;;;;;;;;;;;
;;;;;;;;;;;;;;;;;;;
;;;;;;;;;;;;;;;;;;;
;;;;;;;;;;;;;;;;;;;
;;;;;;;;;;;;;;;;;;;
;;;;;;;;;;;;;;;;;;;
;;;;;;;;;;;;;;;;;;;
;;;;;;;;;;;;;;;;;;;
;;;;;;;;;;;;;;;;;;;
;;;;;;;;;;;;;;;;;;;
;;;;;;;;;;;;;;;;;;;
;;;;;;;;;;;;;;;;;;;
;;;;;;;;;;;;;;;;;;;
;;;;;;;;;;;;;;;;;;;
;;;;;;;;;;;;;;;;;;;
;;;;;;;;;;;;;;;;;;;
;;;;;;;;;;;;;;;;;;;
;;;;;;;;;;;;;;;;;;;
;;;;;;;;;;;;;;;;;;;
;;;;;;;;;;;;;;;;;;;
;;;;;;;;;;;;;;;;;;;
;;;;;;;;;;;;;;;;;;;
;;;;;;;;;;;;;;;;;;;
;;;;;;;;;;;;;;;;;;;
;;;;;;;;;;;;;;;;;;;
;;;;;;;;;;;;;;;;;;;
;;;;;;;;;;;;;;;;;;;
;;;;;;;;;;;;;;;;;;;
;;;;;;;;;;;;;;;;;;;
;;;;;;;;;;;;;;;;;;;
;;;;;;;;;;;;;;;;;;;
;;;;;;;;;;;;;;;;;;;
;;;;;;;;;;;;;;;;;;;
;;;;;;;;;;;;;;;;;;;
;;;;;;;;;;;;;;;;;;;
;;;;;;;;;;;;;;;;;;;
;;;;;;;;;;;;;;;;;;;
;;;;;;;;;;;;;;;;;;;
;;;;;;;;;;;;;;;;;;;
;;;;;;;;;;;;;;;;;;;
;;;;;;;;;;;;;;;;;;;
;;;;;;;;;;;;;;;;;;;
;;;;;;;;;;;;;;;;;;;
;;;;;;;;;;;;;;;;;;;
;;;;;;;;;;;;;;;;;;;
;;;;;;;;;;;;;;;;;;;
;;;;;;;;;;;;;;;;;;;
;;;;;;;;;;;;;;;;;;;
;;;;;;;;;;;;;;;;;;;
;;;;;;;;;;;;;;;;;;;
;;;;;;;;;;;;;;;;;;;
;;;;;;;;;;;;;;;;;;;
;;;;;;;;;;;;;;;;;;;
;;;;;;;;;;;;;;;;;;;
;;;;;;;;;;;;;;;;;;;
;;;;;;;;;;;;;;;;;;;
;;;;;;;;;;;;;;;;;;;
;;;;;;;;;;;;;;;;;;;
;;;;;;;;;;;;;;;;;;;
;;;;;;;;;;;;;;;;;;;
;;;;;;;;;;;;;;;;;;;
;;;;;;;;;;;;;;;;;;;
;;;;;;;;;;;;;;;;;;;
;;;;;;;;;;;;;;;;;;;
;;;;;;;;;;;;;;;;;;;
;;;;;;;;;;;;;;;;;;;
;;;;;;;;;;;;;;;;;;;
;;;;;;;;;;;;;;;;;;;
;;;;;;;;;;;;;;;;;;;
;;;;;;;;;;;;;;;;;;;
;;;;;;;;;;;;;;;;;;;
;;;;;;;;;;;;;;;;;;;
;;;;;;;;;;;;;;;;;;;
;;;;;;;;;;;;;;;;;;;
;;;;;;;;;;;;;;;;;;;
;;;;;;;;;;;;;;;;;;;
;;;;;;;;;;;;;;;;;;;
;;;;;;;;;;;;;;;;;;;
;;;;;;;;;;;;;;;;;;;
;;;;;;;;;;;;;;;;;;;
;;;;;;;;;;;;;;;;;;;
;;;;;;;;;;;;;;;;;;;
;;;;;;;;;;;;;;;;;;;
;;;;;;;;;;;;;;;;;;;
;;;;;;;;;;;;;;;;;;;
;;;;;;;;;;;;;;;;;;;
;;;;;;;;;;;;;;;;;;;
;;;;;;;;;;;;;;;;;;;
;;;;;;;;;;;;;;;;;;;
;;;;;;;;;;;;;;;;;;;
;;;;;;;;;;;;;;;;;;;
;;;;;;;;;;;;;;;;;;;
;;;;;;;;;;;;;;;;;;;
;;;;;;;;;;;;;;;;;;;
;;;;;;;;;;;;;;;;;;;
;;;;;;;;;;;;;;;;;;;
;;;;;;;;;;;;;;;;;;;
;;;;;;;;;;;;;;;;;;;
;;;;;;;;;;;;;;;;;;;
;;;;;;;;;;;;;;;;;;;
;;;;;;;;;;;;;;;;;;;
;;;;;;;;;;;;;;;;;;;
;;;;;;;;;;;;;;;;;;;
;;;;;;;;;;;;;;;;;;;
;;;;;;;;;;;;;;;;;;;
;;;;;;;;;;;;;;;;;;;
;;;;;;;;;;;;;;;;;;;
;;;;;;;;;;;;;;;;;;;
;;;;;;;;;;;;;;;;;;;
;;;;;;;;;;;;;;;;;;;
;;;;;;;;;;;;;;;;;;;
;;;;;;;;;;;;;;;;;;;
;;;;;;;;;;;;;;;;;;;
;;;;;;;;;;;;;;;;;;;
;;;;;;;;;;;;;;;;;;;
;;;;;;;;;;;;;;;;;;;
;;;;;;;;;;;;;;;;;;;
;;;;;;;;;;;;;;;;;;;
;;;;;;;;;;;;;;;;;;;
;;;;;;;;;;;;;;;;;;;
;;;;;;;;;;;;;;;;;;;
;;;;;;;;;;;;;;;;;;;
;;;;;;;;;;;;;;;;;;;
;;;;;;;;;;;;;;;;;;;
;;;;;;;;;;;;;;;;;;;
;;;;;;;;;;;;;;;;;;;
;;;;;;;;;;;;;;;;;;;
;;;;;;;;;;;;;;;;;;;
;;;;;;;;;;;;;;;;;;;
;;;;;;;;;;;;;;;;;;;
;;;;;;;;;;;;;;;;;;;
;;;;;;;;;;;;;;;;;;;
;;;;;;;;;;;;;;;;;;;
;;;;;;;;;;;;;;;;;;;
;;;;;;;;;;;;;;;;;;;
;;;;;;;;;;;;;;;;;;;
;;;;;;;;;;;;;;;;;;;
;;;;;;;;;;;;;;;;;;;
;;;;;;;;;;;;;;;;;;;
;;;;;;;;;;;;;;;;;;;
;;;;;;;;;;;;;;;;;;;
;;;;;;;;;;;;;;;;;;;
;;;;;;;;;;;;;;;;;;;
;;;;;;;;;;;;;;;;;;;
;;;;;;;;;;;;;;;;;;;
;;;;;;;;;;;;;;;;;;;
;;;;;;;;;;;;;;;;;;;
;;;;;;;;;;;;;;;;;;;
;;;;;;;;;;;;;;;;;;;
;;;;;;;;;;;;;;;;;;;
;;;;;;;;;;;;;;;;;;;
;;;;;;;;;;;;;;;;;;;
;;;;;;;;;;;;;;;;;;;
;;;;;;;;;;;;;;;;;;;
;;;;;;;;;;;;;;;;;;;
;;;;;;;;;;;;;;;;;;;
;;;;;;;;;;;;;;;;;;;
;;;;;;;;;;;;;;;;;;;
;;;;;;;;;;;;;;;;;;;
;;;;;;;;;;;;;;;;;;;
;;;;;;;;;;;;;;;;;;;
;;;;;;;;;;;;;;;;;;;
;;;;;;;;;;;;;;;;;;;
;;;;;;;;;;;;;;;;;;;
;;;;;;;;;;;;;;;;;;;
;;;;;;;;;;;;;;;;;;;
;;;;;;;;;;;;;;;;;;;
;;;;;;;;;;;;;;;;;;;
;;;;;;;;;;;;;;;;;;;
;;;;;;;;;;;;;;;;;;;
;;;;;;;;;;;;;;;;;;;
;;;;;;;;;;;;;;;;;;;
;;;;;;;;;;;;;;;;;;;
;;;;;;;;;;;;;;;;;;;
;;;;;;;;;;;;;;;;;;;
;;;;;;;;;;;;;;;;;;;
;;;;;;;;;;;;;;;;;;;
;;;;;;;;;;;;;;;;;;;
;;;;;;;;;;;;;;;;;;;
;;;;;;;;;;;;;;;;;;;
;;;;;;;;;;;;;;;;;;;
;;;;;;;;;;;;;;;;;;;
;;;;;;;;;;;;;;;;;;;
;;;;;;;;;;;;;;;;;;;
;;;;;;;;;;;;;;;;;;;
;;;;;;;;;;;;;;;;;;;
;;;;;;;;;;;;;;;;;;;
;;;;;;;;;;;;;;;;;;;
;;;;;;;;;;;;;;;;;;;
;;;;;;;;;;;;;;;;;;;
;;;;;;;;;;;;;;;;;;;
;;;;;;;;;;;;;;;;;;;
;;;;;;;;;;;;;;;;;;;
;;;;;;;;;;;;;;;;;;;
;;;;;;;;;;;;;;;;;;;
;;;;;;;;;;;;;;;;;;;
;;;;;;;;;;;;;;;;;;;
;;;;;;;;;;;;;;;;;;;
;;;;;;;;;;;;;;;;;;;
;;;;;;;;;;;;;;;;;;;
;;;;;;;;;;;;;;;;;;;
;;;;;;;;;;;;;;;;;;;
;;;;;;;;;;;;;;;;;;;
;;;;;;;;;;;;;;;;;;;
;;;;;;;;;;;;;;;;;;;
;;;;;;;;;;;;;;;;;;;
;;;;;;;;;;;;;;;;;;;
;;;;;;;;;;;;;;;;;;;
;;;;;;;;;;;;;;;;;;;
;;;;;;;;;;;;;;;;;;;
;;;;;;;;;;;;;;;;;;;
;;;;;;;;;;;;;;;;;;;
;;;;;;;;;;;;;;;;;;;
;;;;;;;;;;;;;;;;;;;
;;;;;;;;;;;;;;;;;;;
;;;;;;;;;;;;;;;;;;;
;;;;;;;;;;;;;;;;;;;
;;;;;;;;;;;;;;;;;;;
;;;;;;;;;;;;;;;;;;;
;;;;;;;;;;;;;;;;;;;
;;;;;;;;;;;;;;;;;;;
;;;;;;;;;;;;;;;;;;;
;;;;;;;;;;;;;;;;;;;
;;;;;;;;;;;;;;;;;;;
;;;;;;;;;;;;;;;;;;;
;;;;;;;;;;;;;;;;;;;
;;;;;;;;;;;;;;;;;;;
;;;;;;;;;;;;;;;;;;;
;;;;;;;;;;;;;;;;;;;
;;;;;;;;;;;;;;;;;;;
;;;;;;;;;;;;;;;;;;;
